RESULTADO	PROGRAMA	CLASIFICACION	NPERSONAS	NIVELEDUC	OCUPADO	HOMBRE
.11549973	0	-8	4	0	0	0
-.067228474	0	-7	4	0	0	0
.02708281	0	-7	4	0	0	1
.72944617	0	-7	4	0	0	1
.045305986	0	-8	4	0	0	0
-.43539989	0	-8	4	1	0	0
-.17360334	0	-8	4	1	0	1
-.035034295	0	-8	4	1	0	1
.63153827	0	-9	5	0	0	1
.10212343	0	-9	5	0	0	0
.11820839	0	-9	5	0	0	1
-.22548769	0	-9	5	0	0	1
.0099179521	0	-8	5	0	0	0
-.32630605	0	-9	5	1	0	0
.24728291	0	-8	5	1	0	1
.13121313	0	-8	5	1	0	1
.2438519	0	-8	5	2	0	0
-.1014512	0	-8	5	2	0	0
.1696022	0	-7	5	2	0	1
1.9108669	0	-7	5	2	0	1
-.028782632	0	-8	5	2	0	0
-.32905746	0	-7	5	2	0	1
.47134784	0	-7	5	2	0	1
-.21348721	0	-9	6	0	0	0
-.021976238	0	-9	6	0	0	0
-.0027712293	0	-9	6	0	0	0
1.1555948	0	-10	6	0	0	0
-1.051797	0	-10	6	0	0	0
.049876347	0	-9	6	0	0	0
.043992449	0	-9	6	0	0	1
.026588541	0	-9	6	0	0	0
-.43597305	0	-9	6	0	0	1
.024440706	0	-9	6	0	0	0
-.084761709	0	-9	6	0	0	1
-.97154367	0	-9	6	1	0	1
-.028868197	0	-9	6	1	0	1
.14038388	0	-9	6	1	0	0
-.31748727	0	-9	6	2	0	1
.0090912879	0	-9	6	2	0	1
.039703596	0	-9	6	2	0	0
-.28070983	0	-8	6	3	0	0
.22610307	0	-8	6	3	0	0
-.40533656	0	-9	6	3	0	0
-.1843147	0	-8	6	4	0	1
-.025974017	0	-8	6	4	0	1
.70665359	0	-10	7	0	0	1
-.35965475	0	-10	7	0	0	0
.057077017	0	-10	7	0	0	0
.65261602	0	-10	7	0	0	1
.016048178	0	-10	7	0	0	1
-.10693638	0	-10	7	0	0	1
-.78927469	0	-10	7	0	0	0
-.22484845	0	-10	7	0	0	0
-.23204391	0	-10	7	0	0	1
-.026918236	0	-10	7	0	0	1
-.17159964	0	-10	7	0	0	0
-.033852365	0	-9	7	1	0	1
-.41863194	0	-9	7	1	0	1
.73290676	0	-9	7	2	0	1
1.2987154	0	-9	7	2	0	1
-1.0063722	0	-9	7	3	0	1
1.7535064	0	-9	7	3	0	0
.22863936	0	-9	7	3	0	1
-1.2350332	0	-9	7	3	0	0
-.30284327	0	-9	7	4	0	1
.54698259	0	-8	7	5	0	0
-.73280978	0	-7	7	6	0	0
.4045397	0	-10	8	0	0	1
-.61455464	0	-10	8	0	0	0
-.011434824	0	-10	8	0	0	1
-.055999845	0	-10	8	0	0	0
-.19000806	0	-8	8	0	1	1
.17490338	0	-8	8	0	1	1
-.038709398	0	-8	8	0	1	0
-.22877558	0	-10	8	2	0	1
.85984558	0	-10	8	2	0	0
.67675543	0	-8	8	6	0	1
-.13394357	0	-10	9	0	0	1
.01289935	0	-10	9	0	0	0
-.089757666	0	-10	9	0	0	0
.40667129	0	-10	9	0	0	1
.45610589	0	-10	9	0	0	1
-.64590281	0	-8	9	0	1	1
1.3026589	0	-10	9	2	0	0
.42842877	0	-10	9	2	0	1
.5003624	0	-10	9	2	0	1
-.37929311	0	-10	9	3	0	0
.075509652	0	-9	9	7	0	1
1.2854922	0	-9	10	0	1	1
-.37585336	0	-9	10	0	1	1
-.24598445	0	-10	10	1	0	1
-.13488266	0	-10	10	1	0	1
-.037110664	0	-10	10	1	0	1
-.81207532	0	-9	10	1	1	1
.34242514	0	-9	10	1	1	0
-.077717699	0	-10	10	2	0	1
-.61262971	0	-10	10	5	0	0
-.18907002	0	-7	10	11	0	0
-.67672205	0	-10	11	0	1	1
-.91016865	0	-10	11	0	1	0
-.21082693	0	-10	11	0	1	1
.88573587	0	-10	11	1	0	0
-.58918679	0	-10	11	1	0	1
-.13800268	0	-10	11	2	0	0
-.020786798	0	-10	11	2	0	0
-.15523668	0	-10	11	6	0	1
-.28662968	0	-10	11	6	0	0
.67521048	0	-10	12	0	0	1
.29643077	0	-10	12	0	0	0
1.117085	0	-10	12	0	0	0
-.52806872	0	-10	12	0	0	0
-.12326717	0	-10	12	5	0	0
-.28104168	0	-10	13	2	0	0
-.040680163	0	-10	13	2	0	1
-.22987494	0	-10	13	5	0	1
.48314825	0	-10	13	5	0	0
-.16192456	0	-10	14	0	0	0
-.28943244	0	-10	14	5	0	0
-.094417974	0	-10	14	10	0	0
-.2449847	0	-10	16	5	0	1
-.77824223	0	-10	17	0	1	1
-.079539336	0	-8	7	5	0	1
-.25348625	0	-9	7	1	0	1
-.25799218	0	-10	9	5	0	0
.13100642	0	-9	5	1	0	0
.21631791	0	-9	6	3	0	0
.45558202	0	-10	12	0	0	1
.3067756	0	-7	3	0	0	0
.3431274	0	-6	3	0	0	1
-.038092442	0	-7	3	0	0	0
-.39397746	0	-7	3	0	0	0
.17036203	0	-7	3	0	0	1
1.5452365	0	-7	3	0	0	1
-.1036208	0	-7	5	3	0	0
-.097017728	0	-7	5	3	0	0
-.18859811	0	-6	5	3	0	1
-.18060552	0	-6	5	4	0	0
.26604924	0	-7	5	4	0	1
-.072085433	0	-7	6	5	0	1
.22148767	0	-6	6	5	0	1
.30735135	0	-7	6	5	0	1
.8942951	0	-7	7	0	1	0
-.13798271	0	-7	7	7	0	0
-.058528893	0	-7	8	2	1	1
-.25572473	0	-7	9	11	0	0
-.259285	0	-7	9	11	0	0
-.048624747	0	-7	10	5	1	1
.55121952	0	-7	3	0	0	0
-.0031377135	0	-7	3	0	0	1
-.68774945	0	-6	4	2	0	0
.51068985	0	-8	6	4	0	0
.011384111	0	-10	10	3	0	0
.34811574	0	-7	7	0	1	0
-.13309981	0	-8	7	4	0	0
.48920307	0	-10	11	1	1	0
.056960583	0	-7	8	9	0	0
.083496228	0	-7	8	9	0	1
-.14799371	0	-10	8	2	0	0
.10891601	0	-8	4	0	0	0
.21696846	0	-9	5	0	0	0
-.22393803	0	-9	5	0	0	0
1.1581372	0	-9	5	1	0	0
-.38106969	0	-7	6	5	0	0
-.013115718	0	-7	6	6	0	0
.87729573	0	-7	7	5	0	1
.20443588	0	-7	7	5	0	0
-.81442702	0	-8	10	3	1	1
-.31581244	0	-10	8	2	0	0
-.41659769	0	-9	8	4	0	0
.4463717	0	-7	7	0	1	0
-.48986837	0	-10	14	5	1	1
.88156909	0	-7	4	2	0	1
.17798957	0	-7	5	3	0	1
.32465127	0	-8	7	4	0	0
.031982105	0	-9	8	5	0	1
.52155209	0	-8	6	3	0	1
-.014798504	0	-8	7	5	0	1
-.13265084	0	-8	10	11	0	0
-.41849548	0	-9	6	3	0	0
.28485873	0	-9	6	3	0	0
-.43041822	0	-7	7	7	0	1
-.013099745	0	-4	3	1	0	0
-.48946694	0	-5	3	2	0	0
-.67651492	0	-5	3	2	0	0
-.21760386	0	-5	4	3	0	1
-.034052078	0	-5	4	3	0	0
.36654773	0	-5	4	3	0	1
-.032126326	0	-5	4	3	0	0
.66346079	0	-5	4	4	0	1
.24525362	0	-4	4	4	0	1
-.10715066	0	-5	4	4	0	1
.54563153	0	-4	4	4	0	1
.29710299	0	-4	5	5	0	1
-.21078552	0	-5	5	5	0	0
-.02179897	0	-4	5	5	0	1
.31330001	0	-5	5	5	0	1
.70685089	0	-4	5	5	0	1
-.44918427	0	-5	6	0	1	0
.81470543	0	-4	6	0	1	1
-.38398224	0	-4	7	8	0	1
-.056863204	0	-7	8	0	1	0
.3222017	0	-9	8	5	0	1
.080092929	0	-9	9	5	0	0
-.064164825	0	-9	9	5	0	0
-.057240255	0	-10	13	4	1	1
.47391108	0	-10	7	0	0	0
-1.0393981	0	-10	9	0	0	1
.20157576	0	-4	4	4	0	1
-.10134803	0	-8	8	7	0	1
-.1583524	0	-8	8	0	1	1
.83412421	0	-9	10	2	1	0
-.30589056	0	-7	3	0	0	1
-.28038549	0	-7	4	0	0	1
.47620985	0	-7	5	3	0	0
-.029401928	0	-7	8	1	1	0
-.24296667	0	-10	9	0	0	1
-.25067708	0	-9	6	0	0	1
-.22925641	0	-8	11	5	1	1
-.41802299	0	-8	11	5	1	1
.081245296	0	-6	5	5	0	0
.77254289	0	-8	5	2	0	0
.2751365	0	-8	7	5	0	0
-.16302168	0	-7	9	2	1	0
-.10162751	0	-7	10	4	1	0
.14702676	0	-8	10	4	1	0
.38072672	0	-8	10	4	1	1
.032684982	0	-6	6	0	1	0
.59508532	0	-8	12	5	1	0
.08747872	0	-9	6	0	0	0
.59363168	0	-9	6	0	0	1
-.2305965	0	-8	10	3	1	1
-.26841056	0	-9	5	0	0	0
-.10387615	0	-9	5	1	0	0
-.6540845	0	-8	9	0	1	0
.36399367	0	-8	9	0	1	0
.27372465	0	-9	5	0	0	0
-.0231259	0	-7	3	0	0	1
.18641329	0	-7	5	3	0	0
-.16143592	0	-6	9	4	1	1
-.51430953	0	-7	10	5	1	1
.33118862	0	-3	2	1	0	0
.72695386	0	-3	3	3	0	1
.35230336	0	-3	3	3	0	0
-.11864388	0	-3	3	3	0	1
-.14965296	0	-4	4	5	0	1
.2161151	0	-3	4	5	0	0
.29660305	0	-3	4	5	0	0
-.63273883	0	-4	4	5	0	0
.55279535	0	-3	4	5	0	0
-.13689829	0	-4	4	5	0	1
.14968507	0	-3	4	5	0	1
-.66968948	0	-3	4	5	0	0
.10471053	0	-3	4	5	0	0
.24472794	0	-3	4	5	0	1
.73149621	0	-4	4	5	0	1
.60814238	0	-3	4	5	0	0
.04697511	0	-4	4	5	0	1
-.16162629	0	-4	4	5	0	0
.012268423	0	-4	4	5	0	1
.74626517	0	-3	5	0	1	0
.044930857	0	-3	5	0	1	1
.05492571	0	-3	5	0	1	1
.14560454	0	-4	5	0	1	0
-.26323199	0	-3	5	6	0	0
-.5659157	0	-4	5	7	0	1
.023465354	0	-4	5	7	0	0
.14024584	0	-4	6	7	0	1
-.075027794	0	-4	6	8	0	0
-.42573562	0	-4	6	8	0	1
-1.1491531	0	-9	8	4	0	0
.39181545	0	-7	5	2	0	1
.003656714	0	-7	5	2	0	1
-.0025332612	0	-8	8	0	1	1
-.030131284	0	-6	5	5	0	0
.24980192	0	-5	6	0	1	0
-.15399447	0	-9	6	2	0	0
-.11655049	0	-6	6	5	0	0
-.27810574	0	-4	7	2	1	0
-.046687856	0	-8	8	0	1	1
.021522496	0	-5	6	0	1	0
.22760662	0	-5	9	5	1	0
-.16462474	0	-9	8	5	0	1
.043233987	0	-9	7	3	0	0
.18967947	0	-8	6	2	0	0
-.097349554	0	-9	5	0	0	0
-.25269291	0	-9	6	0	0	1
.00049725949	0	-4	6	0	1	0
-.012919071	0	-9	6	3	0	1
.39750051	0	-7	6	5	0	0
.60214192	0	-6	8	3	1	0
-.59491211	0	-9	10	0	1	1
-.19632819	0	-9	10	0	1	1
-.30432272	0	-7	5	4	0	1
-.34573978	0	-6	5	5	0	0
-.46364874	0	-9	9	5	0	0
-1.1270843	0	-7	4	0	0	1
-.026011275	0	-3	4	5	0	0
-.4186272	0	-3	5	0	1	1
.26667398	0	-7	6	5	0	1
-.72584707	0	-3	7	3	1	1
.59758073	0	-7	5	2	0	1
.80604422	0	-8	5	2	0	1
-.11883441	0	-5	3	2	0	0
.11238503	0	-4	9	5	1	0
-.10919015	0	-2	3	4	0	0
.35429481	0	-3	3	4	0	0
.40315399	0	-2	3	5	0	0
.61752677	0	-2	3	5	0	1
.10667101	0	-2	3	5	0	1
.24995476	0	-2	3	5	0	0
.40153658	0	-3	3	5	0	0
.17968102	0	-2	3	5	0	0
1.4286101	0	-2	3	5	0	1
.37920111	0	-2	3	5	0	0
.27212271	0	-2	3	5	0	1
.24939919	0	-2	3	5	0	0
1.3588724	0	-2	3	5	0	1
.41722429	0	-2	3	5	0	1
1.0487622	0	-2	3	5	0	0
.40106311	0	-2	3	5	0	0
1.3017306	0	-2	3	5	0	0
-.32965767	0	-2	3	5	0	1
.18296348	0	-3	3	5	0	1
.96778339	0	-2	3	5	0	0
1.2183644	0	-2	4	6	0	1
.3863883	0	-2	4	6	0	0
-1.2398038	0	-3	4	6	0	1
.23449785	0	-2	4	6	0	1
-.028449886	0	-2	4	6	0	0
-.15248092	0	-2	4	6	0	1
.32167733	0	-2	4	6	0	1
.53551227	0	-2	4	6	0	1
.27805939	0	-2	4	7	0	1
.31626949	0	-3	4	7	0	0
.26942658	0	-2	5	1	1	1
.17908718	0	-2	5	1	1	0
.14362818	0	-2	5	1	1	0
-.33297235	0	-7	5	4	0	1
-.044978973	0	-2	5	8	0	0
1.628533	0	-2	5	8	0	0
.17915064	0	-2	5	8	0	1
.72490633	0	-2	6	3	1	0
-.72561789	0	-2	6	3	1	1
.48098639	0	-2	6	10	0	1
-.98907268	0	-7	7	0	1	1
-.32595345	0	-9	7	4	0	1
.57871205	0	-2	7	5	1	1
.24785577	0	-2	7	5	1	1
.22636007	0	-2	7	5	1	0
-.074418515	0	-2	7	5	1	0
.35170326	0	-3	7	5	1	0
-.38629434	0	-6	7	7	0	0
.5227046	0	-2	7	11	0	0
-.038196553	0	-8	9	0	1	1
-.42029873	0	-9	12	5	1	0
-.027062787	0	-8	4	0	0	0
.15665804	0	-7	4	2	0	1
-.20992836	0	-4	5	0	1	0
-.080961376	0	-6	6	5	0	0
.5304932	0	-2	4	6	0	0
-.022054603	0	-3	7	5	1	1
-.70160294	0	-7	9	11	0	1
1.533282	0	-4	4	5	0	0
-.16410701	0	-3	5	6	0	1
.16959034	0	-3	6	1	1	1
.2255082	0	-8	7	5	0	1
.16124135	0	-9	8	4	0	0
-.0032054563	0	-4	8	4	1	1
.011194203	0	-9	9	0	1	1
-.26684064	0	-10	13	0	0	1
1.7345171	0	-2	5	1	1	1
-.093692586	0	-8	8	0	1	0
-.5838927	0	-9	9	0	1	0
-.28375998	0	-7	8	2	1	1
-.47959182	0	-4	3	2	0	0
.58656859	0	-3	4	5	0	0
.05435247	0	-8	5	0	0	1
1.2325855	0	-2	5	1	1	0
.60536498	0	-3	6	1	1	0
-.4941352	0	-8	10	4	1	1
.064499952	0	-10	8	2	0	0
1.2633578	0	-3	3	5	0	1
-.32601413	0	-8	5	0	0	0
-.1999179	0	-9	5	0	0	0
-.31985536	0	-8	5	0	0	1
-.34853014	0	-9	5	0	0	1
-.49986327	0	-4	5	0	1	0
-.62269032	0	-9	5	1	0	0
.0076447818	0	-3	7	3	1	1
-.2281172	0	-10	9	0	0	0
-.093626231	0	-10	11	1	0	1
.014762939	0	-4	6	0	1	0
1.6058396	0	-9	9	0	1	1
.001742934	0	-7	8	2	1	0
1.0800773	0	-7	4	1	0	1
-.09123908	0	-7	5	3	0	1
-.14600684	0	-7	5	3	0	0
.052981034	0	-7	6	5	0	1
-.49100232	0	-7	6	5	0	1
.017949345	0	-10	7	0	0	1
.22801471	0	-7	8	2	1	0
.50621045	0	-7	8	2	1	1
.8584801	0	-4	3	2	0	0
.15353955	0	-3	4	5	0	1
1.031502	0	-3	5	0	1	1
.40262228	0	-3	5	7	0	0
-.022921586	0	-6	7	0	1	0
-1.0890563	0	-9	7	3	0	0
-.35743314	0	-3	8	5	1	1
-.21615379	0	-10	11	0	0	0
-.05046868	0	-10	9	5	0	0
-.17921373	0	-9	8	5	0	0
.30753186	0	-2	7	5	1	1
.48463374	0	-1	2	4	0	1
-.16989639	0	-5	3	2	0	1
.26529989	0	-1	3	6	0	0
.086289339	0	-1	3	6	0	1
.046731398	0	-1	3	6	0	1
.13393524	0	-1	3	6	0	0
.68829018	0	-1	3	6	0	0
-.38325953	0	-2	3	6	0	1
-.59879702	0	-7	4	0	0	0
.29351869	0	-1	4	0	1	1
.78783953	0	-1	4	0	1	0
1.0812502	0	-1	4	0	1	0
.62446594	0	-1	4	0	1	0
-.71785462	0	-3	4	5	0	0
.39136782	0	-1	4	8	0	1
1.5601548	0	-1	4	8	0	1
1.1500211	0	-1	4	8	0	0
.21602586	0	-1	4	8	0	0
.43438455	0	-1	4	8	0	0
.43262759	0	-1	5	2	1	1
-.15151645	0	-1	5	2	1	0
.34928814	0	-1	5	2	1	1
-.31297353	0	-1	5	3	1	0
1.8134651	0	-1	5	3	1	0
2.752295	0	-1	5	3	1	0
.35832918	0	-1	5	3	1	0
.47488907	0	-4	5	5	0	1
.40457851	0	-2	5	8	0	1
.39221546	0	-1	5	9	0	0
-.077350937	0	-8	6	2	0	1
.039125763	0	-2	6	3	1	1
.55293226	0	-1	6	4	1	1
.53604639	0	-1	6	4	1	1
1.6148036	0	-2	6	4	1	1
.31383434	0	-1	6	11	0	0
.27619517	0	-1	6	11	0	1
.7233429	0	-8	8	0	1	1
-.24491289	0	-7	8	2	1	1
.46143296	0	-7	11	5	1	1
-.29528263	0	-8	11	5	1	0
.49569926	0	-2	6	3	1	1
.84695011	0	-5	6	0	1	0
.23698299	0	-2	4	7	0	0
.18548164	0	-5	7	1	1	1
.42992887	0	-4	10	6	1	0
1.3546791	0	-5	3	2	0	0
1.1043705	0	-3	3	4	0	1
.21012634	0	-3	4	5	0	0
.69965154	0	-2	5	8	0	0
.1798414	0	-2	7	5	1	0
.32212266	0	-9	6	1	0	1
.22626652	0	-1	7	6	1	0
.36881325	0	-7	6	4	0	0
.25079477	0	-2	4	0	1	1
.35954899	0	-6	5	3	0	0
-.35023141	0	-3	4	5	0	1
.21975	0	-3	4	5	0	1
.11905991	0	-3	4	7	0	0
.39390597	0	-3	5	0	1	1
-.22286481	0	-4	5	0	1	1
.013614826	0	-3	5	6	0	1
-.037693903	0	-7	9	4	1	0
.24583887	0	-8	10	3	1	1
.36751351	0	-1	5	3	1	0
.30010131	0	-9	6	0	0	1
.94636321	0	-1	6	4	1	1
-1.0596333	0	-6	7	0	1	1
-.039383605	0	-10	10	2	0	0
.18218125	0	-6	5	5	0	0
-.073168062	0	-5	5	5	0	0
.42813644	0	-4	6	0	1	0
-.14615616	0	-5	6	0	1	0
.34705013	0	-2	6	3	1	0
.2810902	0	-2	6	3	1	1
-.28778654	0	-8	6	4	0	0
.11543448	0	-7	7	0	1	1
1.7947867	0	-4	7	1	1	1
.26005432	0	-4	7	1	1	1
.13592783	0	-4	7	2	1	0
-.090537615	0	-7	8	0	1	1
.63511133	0	-5	8	3	1	0
.50677848	0	-8	12	7	1	0
.21979381	0	-9	8	5	0	0
-.2785697	0	-2	6	3	1	0
.050209045	0	-9	6	0	0	0
1.052762	0	-10	8	0	0	1
.95002115	1	1	2	5	0	1
.67998278	1	0	2	6	0	1
1.1815517	1	0	2	6	0	0
1.6235566	0	-6	3	0	0	0
.54750353	0	-1	3	0	1	1
.63187987	0	-1	3	7	0	0
.41717756	0	-1	3	7	0	0
.63659346	1	0	3	7	0	1
.3464089	0	-1	3	7	0	1
1.0517066	1	0	3	8	0	0
.13697535	0	-1	3	8	0	1
.74174541	1	0	3	8	0	1
.32754508	0	-1	4	0	1	0
.85174912	1	0	4	2	1	0
.15685834	0	-1	4	2	1	1
.79737937	1	0	4	2	1	1
.49149695	1	0	4	9	0	1
.29870224	0	-1	4	9	0	0
.047353689	1	0	4	9	0	1
.47158703	0	-1	4	9	0	0
.77140468	1	0	4	9	0	0
.5783596	0	-1	4	9	0	0
.92676061	1	0	4	9	0	1
.52472055	1	0	4	9	0	0
.32708797	1	0	5	4	1	0
.82001126	1	0	5	11	0	1
-.31537986	0	-1	6	4	1	1
.53534615	1	0	6	5	1	1
1.4592899	1	0	6	5	1	0
.25767863	1	0	6	5	1	1
.30429679	0	-1	6	6	1	0
.43750021	0	-4	5	0	1	0
.75234002	0	-3	7	5	1	0
-.028400367	0	-4	5	0	1	1
.81240153	0	-4	5	0	1	0
1.3063875	0	-7	7	0	1	0
.36885607	0	-7	7	0	1	1
1.1901604	0	-3	5	0	1	0
.076213263	0	-3	5	0	1	0
-.03489067	0	-9	7	3	0	1
.30161673	0	-7	8	2	1	0
1.176432	0	-1	8	7	1	0
.84956318	1	0	7	8	1	0
.25522909	0	-4	8	5	1	0
-.071215108	0	-1	3	6	0	1
.077801473	0	-1	4	0	1	0
1.157523	0	-6	4	1	0	0
.52391922	0	-7	4	2	0	0
.31897789	0	-4	5	0	1	1
1.8431592	0	-1	5	2	1	1
.37461746	0	-1	5	3	1	1
.020211002	0	-9	6	1	0	1
-.29741162	0	-8	6	4	0	0
.11715089	0	-1	6	4	1	0
-.13363807	0	-7	4	2	0	1
.32272267	0	-2	3	5	0	0
.30045801	0	-3	5	0	1	0
-.51865667	0	-8	8	0	1	1
.17268459	0	-7	8	2	1	1
.074512281	0	-1	9	11	1	1
-.6864146	0	-7	5	3	0	1
.043673798	0	-7	4	1	0	0
.14344452	0	-1	4	0	1	0
.55411011	0	-3	2	3	0	0
.4130269	0	-4	3	2	0	0
2.1484835	0	-1	4	0	1	0
.050030973	0	-7	4	2	0	1
-.14014052	0	-9	5	0	0	0
1.02802	0	-3	5	0	1	0
.45406574	0	-2	5	1	1	0
.56830472	0	-3	5	1	1	1
.17420477	0	-1	5	2	1	1
.43189323	0	-7	5	4	0	0
-.73119813	0	-5	6	0	1	1
.05073081	0	-3	6	2	1	1
.64950085	0	-2	6	2	1	1
.58089012	0	-2	6	2	1	1
.54189795	0	-3	6	2	1	0
.80838609	0	-2	6	3	1	1
.23281285	0	-2	6	3	1	0
.56150621	0	-1	6	4	1	0
.25746721	0	-6	7	1	1	0
-.29323247	0	-4	7	1	1	1
.11650768	0	-4	7	1	1	0
-.23342492	0	-9	7	3	0	1
.57742757	1	1	6	5	1	0
-.58514732	0	-9	8	5	0	0
-.26357359	0	-7	10	5	1	0
.96052718	0	-7	4	1	0	1
-.34936863	0	-7	4	2	0	1
.36880419	0	-7	5	3	0	1
.015736792	0	-3	7	3	1	1
-.13858318	0	-7	8	0	1	0
-.092230774	0	-10	11	1	0	1
.0032500813	0	-9	6	2	0	1
.82091153	0	-1	3	0	1	0
.5617404	0	-4	4	4	0	0
.17109475	0	-3	4	5	0	1
-.27553532	0	-4	4	5	0	1
.20186232	0	-1	4	9	0	1
.17378807	0	-3	5	0	1	1
1.3377151	0	-4	5	0	1	1
.031343572	0	-4	5	0	1	1
.46951917	0	-3	5	0	1	0
.68343395	0	-1	5	3	1	1
.022209156	0	-4	6	1	1	0
.54417634	0	-3	6	9	0	1
1.1699133	0	-9	8	4	0	1
.13465552	0	-3	8	5	1	1
.47408402	0	-3	8	5	1	1
.94846225	0	-10	9	3	0	1
1.722644	0	-10	10	5	0	1
.30667478	0	-4	7	3	1	0
.0031910976	0	-3	7	3	1	1
.41890734	0	-10	7	0	0	0
-.030585634	0	-7	5	4	0	1
.17424066	0	-1	5	3	1	0
-.2204669	0	-2	5	3	1	0
1.398191	0	-3	5	7	0	0
.47174591	1	2	2	7	0	0
.21721432	0	-4	3	2	0	1
.84132344	1	5	3	2	1	1
.75285679	1	5	3	2	1	1
.6737873	1	2	3	2	1	0
.42990842	1	2	3	9	0	1
.43018904	1	4	4	3	1	0
.33145496	1	2	4	3	1	0
.47146583	1	2	4	3	1	1
.53886539	1	4	4	4	1	0
.01977919	1	2	4	4	1	0
.18839514	1	4	4	4	1	1
.47164679	0	-4	4	5	0	1
2.2939012	1	5	4	11	0	0
.83557516	1	2	4	11	0	0
.57496673	1	2	4	11	0	1
2.2928183	1	2	4	11	0	0
1.265618	1	4	4	11	0	0
.18470903	1	2	4	11	0	1
.58594888	1	3	4	11	0	0
1.3739008	1	3	4	11	0	1
-.37926924	1	2	4	11	0	0
.059710324	1	2	4	11	0	0
2.202718	1	2	4	11	0	0
.12376828	0	-5	5	5	0	1
.20711887	0	-4	5	5	0	0
.78918463	1	3	5	5	1	1
.67858511	1	2	5	5	1	0
.45273039	1	2	5	5	1	0
.5828259	1	4	5	5	1	0
.026745006	1	3	5	5	1	1
.28582188	1	4	5	5	1	1
.77422166	1	4	5	5	1	0
.12240325	1	2	5	5	1	1
1.7850697	1	2	5	6	1	1
.2926248	1	2	5	13	0	1
.34249914	0	-6	6	0	1	0
.14302136	1	3	6	14	0	1
.57656932	1	2	6	14	0	0
.86090636	1	4	6	15	0	0
.3884103	1	4	7	9	1	1
.60817415	0	-1	8	7	1	0
.24077104	1	4	8	11	1	0
-.20439892	0	-10	12	4	0	0
-.48465535	0	-5	6	0	1	0
.58130646	1	2	5	5	1	0
-.74830502	0	-7	8	0	1	0
1.0279131	0	-1	5	3	1	1
.16275643	0	-5	6	0	1	1
.2246097	0	-6	6	0	1	0
.2091326	1	4	4	3	1	0
.29955503	0	-1	4	0	1	1
.20262229	0	-1	4	1	1	0
.40165406	0	-3	4	5	0	0
-.95127892	1	1	5	4	1	0
.30896172	1	4	5	5	1	1
-1.0435401	0	-6	7	0	1	0
-.57542169	0	-6	8	1	1	1
.036421299	0	-7	8	2	1	0
-.096879289	0	-9	9	1	1	0
.067288607	0	-9	10	0	1	0
-.60920262	0	-4	6	1	1	0
1.3024354	0	-1	6	4	1	0
.26696572	0	-3	8	5	1	1
.15519963	0	-3	8	5	1	1
-.20148349	0	-9	11	4	1	1
-1.3060726	1	0	5	11	0	0
.1124038	0	-4	4	3	0	0
1.6600358	1	4	4	11	0	1
.30919725	0	-2	5	8	0	1
.31507003	1	0	5	11	0	0
-.22535014	0	-5	6	0	1	0
.27657384	0	-6	7	2	1	0
.56182957	0	-6	7	2	1	0
.2508851	0	-6	7	2	1	0
.23938915	0	-9	12	11	0	1
.049853772	0	-5	5	5	0	0
.2955364	0	-4	9	5	1	1
1.542919	1	0	3	7	0	0
.78966486	0	-1	4	0	1	1
.23251249	0	-5	4	3	0	1
.12921172	0	-5	4	3	0	0
.37317455	0	-4	5	0	1	0
-.0096650664	0	-3	5	0	1	0
.12629654	0	-7	5	2	0	1
.0697826	0	-1	5	4	1	0
.21358074	0	-9	6	0	0	1
.26766664	1	1	6	5	1	1
.45902044	0	-1	6	11	0	1
.17876065	0	-7	7	5	0	0
.50524485	0	-7	7	5	0	0
1.5015824	0	-8	8	0	1	0
-.27154142	0	-7	10	3	1	1
.27582344	0	-8	4	0	0	1
.49273372	1	3	5	5	1	1
-.59945464	0	-4	3	3	0	0
.49040753	1	4	4	11	0	0
1.9919817	1	4	6	7	1	0
-.96742731	0	-9	8	5	0	1
-.0494873	0	-3	8	5	1	0
.58468962	0	-1	4	0	1	1
.32534182	0	-2	5	3	1	1
2.709898	1	0	4	10	0	0
.61218476	1	2	4	11	0	1
-.30831376	0	-3	7	3	1	1
.53632355	1	0	3	0	1	0
.2255571	0	-2	3	5	0	0
.91344965	1	2	4	11	0	0
.50603515	1	4	4	11	0	1
-.027094889	0	-9	5	0	0	1
.027498264	0	-9	5	0	0	1
1.1210382	0	-1	5	2	1	0
.16743879	0	-6	5	5	0	1
.38510016	1	2	5	5	1	0
.22495534	0	-2	6	2	1	0
.25017738	0	-2	6	3	1	1
-.13341936	0	-2	6	3	1	1
1.1948872	0	-3	6	3	1	0
.026482526	1	1	6	5	1	1
.34803194	0	-1	4	0	1	0
.17627759	0	-2	7	5	1	1
-.11762904	0	-10	12	2	0	0
.25530365	0	-3	5	7	0	0
.2651515	0	-1	5	3	1	0
-.10989021	0	-9	5	1	0	0
.45610175	0	-3	4	4	0	0
.52642345	1	5	4	11	0	1
.42936102	0	-2	7	5	1	1
.29236266	0	-4	8	3	1	0
-.11790746	0	-7	9	4	1	0
1.2141042	0	-1	5	3	1	1
1.8499956	0	-2	6	2	1	1
-.21925065	0	-1	4	0	1	0
.26045692	0	-2	4	0	1	1
-.35107881	0	-8	6	3	0	1
-.207381	0	-8	10	2	1	0
.72025132	0	-9	6	1	0	0
.60687637	1	6	2	8	0	0
.082531743	1	7	2	8	0	1
.80716801	1	8	2	9	0	0
.78416961	1	8	3	10	0	0
.80810958	1	8	3	10	0	0
.5948773	1	7	3	11	0	1
1.8867574	1	6	3	11	0	1
1.3045357	1	6	3	11	0	0
.55390483	1	8	3	11	0	1
.78711087	1	7	3	11	0	1
.78814757	1	8	3	11	0	1
.76231074	1	7	3	11	0	1
-.15136471	1	2	4	4	1	0
.070472069	0	-3	4	5	0	0
.11774883	0	-3	4	5	0	1
1.215239	1	8	4	5	1	1
1.3792201	1	6	4	5	1	1
1.3483895	1	7	4	5	1	1
.96571344	1	7	4	5	1	1
.73458368	1	8	4	5	1	0
.60743147	1	9	4	5	1	0
1.5453982	1	8	4	5	1	0
.58290845	1	6	4	12	0	1
.24336097	0	-1	5	2	1	0
-.077832654	0	-4	5	7	0	1
.72195113	1	8	5	7	1	1
.6101191	1	8	5	7	1	1
.82068175	1	9	6	8	1	1
.80586755	1	8	6	9	1	0
.67542136	1	8	6	9	1	0
.72621113	1	6	6	9	1	1
.91496527	0	-7	7	0	1	1
-.27751285	1	7	7	11	1	0
.17270188	0	-3	8	5	1	0
.01171148	0	-4	9	7	1	1
.0048875744	0	-8	10	3	1	1
1.6371334	0	-1	5	3	1	1
-.33007148	0	-7	6	3	0	1
.71192247	1	4	4	4	1	0
1.6594793	1	8	4	5	1	1
.13187036	0	-1	5	3	1	0
-.064128883	0	-5	7	1	1	0
.8337298	0	-2	7	4	1	0
.11579285	0	-1	8	7	1	1
.58522224	1	2	8	11	1	1
.40005532	1	0	6	5	1	1
-.071739651	0	-9	10	0	1	1
.68637854	0	-5	8	3	1	0
-.11834198	0	-9	6	1	0	1
.26184842	1	4	4	3	1	0
1.8180732	1	2	4	3	1	1
.19736019	1	4	4	11	0	0
-.073363252	0	-4	5	5	0	1
.41531578	1	2	5	5	1	1
.28371084	1	2	5	5	1	1
.51275671	1	5	5	5	1	1
.70859677	1	4	5	5	1	0
2.2727189	1	8	6	8	1	1
1.1312847	1	0	7	7	1	1
-.00049317564	0	-9	9	0	1	0
.059010252	0	-7	9	2	1	0
.86146188	0	-3	6	2	1	0
1.4506346	0	-2	6	3	1	1
.38466737	0	-8	8	0	1	1
.6682111	1	8	2	9	0	1
.24001589	0	-3	4	5	0	1
.24289288	0	-3	5	6	0	1
.024777045	0	-8	6	2	0	0
.089026667	0	-3	6	3	1	0
.15630946	0	-5	7	2	1	1
.43697304	0	-3	8	5	1	1
.51849747	0	-3	6	8	0	1
.63923931	0	-3	8	5	1	1
.28043485	0	-3	4	5	0	0
-.11535411	0	-4	5	6	0	0
.29968309	0	-3	5	7	0	1
-.099596694	0	-9	11	2	1	0
3.079597	1	7	2	8	0	0
.4269686	0	-1	3	0	1	0
-.067231633	1	0	3	0	1	0
1.1017537	1	0	3	0	1	1
-.11321716	1	3	4	4	1	0
-.12825057	0	-3	4	5	0	1
.31931087	0	-3	4	5	0	0
1.0489625	1	0	4	9	0	1
.78500897	1	1	4	9	0	1
.028323619	0	-7	5	4	0	1
.75971323	0	-1	5	4	1	0
.50639254	1	2	5	6	1	0
.14662981	0	-3	5	7	0	0
.69870889	1	0	5	11	0	0
.81235176	1	8	5	14	0	1
.26821658	0	-3	6	3	1	1
-.085626543	0	-7	6	5	0	1
.66073817	0	-1	6	5	1	0
.33534381	0	-1	6	5	1	0
.43383199	0	-1	6	5	1	1
.035684969	0	-1	6	5	1	1
.55269194	1	0	6	5	1	1
.21887963	0	-1	6	5	1	1
.40396604	1	0	7	7	1	0
1.4691877	1	5	7	9	1	0
.28091058	0	-7	8	7	0	1
.47997105	0	-1	8	8	1	1
-.64918584	0	-10	9	3	0	0
-.19126341	0	-9	9	5	0	0
-.48825029	0	-7	7	0	1	0
.43513781	1	4	5	6	1	0
.50325173	0	-1	5	3	1	1
.6153717	1	7	4	5	1	0
.3201535	0	-3	5	7	0	1
.052660357	1	1	5	11	0	1
-.32413128	0	-3	8	5	1	0
.37745064	0	-3	9	7	1	1
-.051158939	0	-9	10	1	1	0
.068262741	0	-7	11	5	1	0
-.22289671	0	-7	10	3	1	1
-.35696501	0	-1	3	6	0	0
.78790176	1	8	3	11	0	0
1.6507416	0	-1	4	0	1	1
.049599513	0	-1	4	0	1	1
.46392775	0	-1	4	1	1	0
-.17665888	1	0	4	2	1	1
.40037408	1	6	4	5	1	1
1.2545744	0	-1	4	7	0	0
.038744681	0	-7	5	2	0	1
.0071197292	0	-7	5	2	0	0
1.3483601	0	-5	5	5	0	1
.14188887	1	2	5	6	1	1
.44090217	1	6	5	7	1	0
.41906562	0	-1	6	4	1	0
.60049415	1	0	6	6	1	0
.55006057	0	-1	6	11	0	0
-.075993113	0	-7	7	5	0	0
.73997629	0	-1	7	6	1	1
.092378356	0	-4	9	14	0	1
-1.1476498	0	-1	6	4	1	1
-.23433958	0	-9	6	0	0	0
1.8537685	0	-7	7	0	1	0
.35492104	0	-1	4	0	1	0
.37272194	1	2	4	3	1	1
.22643141	1	5	4	4	1	0
.88558584	0	-4	5	5	0	1
.61590344	1	4	5	5	1	0
.37115151	1	2	5	6	1	1
-.099013522	0	-2	6	3	1	1
.16615538	0	-7	6	5	0	0
.54671586	1	2	6	7	1	1
.073743008	1	2	6	7	1	0
.0025500346	0	-2	7	5	1	1
.11961548	1	4	8	10	1	0
-.15578005	0	-10	7	0	0	1
.15940073	0	-9	5	1	0	0
-.068134837	0	-9	7	3	0	0
.11633077	0	-5	5	5	0	1
.70762902	1	9	2	10	0	1
.64254534	1	11	3	5	1	1
1.6846414	1	9	3	5	1	0
.88824481	1	9	3	5	1	0
1.2247167	1	11	3	5	1	0
.34342325	0	-1	4	1	1	1
.67344558	1	2	4	3	1	1
.40258542	0	-4	4	5	0	1
.74989623	1	9	4	6	1	1
.74735469	1	10	4	6	1	0
.71860969	1	9	4	6	1	1
.72551358	1	9	4	7	1	0
1.0174634	1	11	4	7	1	1
.072260797	0	-3	5	0	1	0
-.16657504	0	-9	6	2	0	1
.44773903	0	-2	6	2	1	1
-.086758465	0	-2	6	2	1	0
-1.0288959	0	-2	6	3	1	0
.080743864	0	-7	6	5	0	0
1.3777217	0	-1	6	5	1	0
.1631362	0	-3	7	3	1	1
.30108705	0	-2	7	4	1	1
1.7132827	0	-2	7	4	1	1
.17420602	0	-3	7	5	1	0
.56363219	0	-1	7	6	1	1
.45434901	1	0	7	8	1	0
-.77625966	0	-6	8	3	1	0
-.35779777	0	-8	10	3	1	1
.26578456	0	-3	7	3	1	1
.18510367	0	-9	6	0	0	1
.36310983	1	6	3	11	0	1
.076820761	0	-9	6	1	0	1
.47763416	0	-3	6	1	1	0
-.38348874	0	-2	6	3	1	1
-.078932628	0	-7	3	0	0	1
.61177188	1	0	4	2	1	0
.26628026	1	8	4	5	1	1
.17848668	0	-1	5	2	1	0
.37054658	0	-3	7	3	1	0
.056034997	0	-7	8	0	1	1
-.039863046	0	-3	8	5	1	0
-.22623728	0	-9	13	4	1	0
.99383491	0	-2	6	3	1	1
.31110558	0	-4	9	5	1	0
.41338784	1	8	3	3	1	0
.95060205	1	2	3	9	0	0
1.3442507	1	4	4	3	1	1
1.4713616	0	-4	4	5	0	1
-.25031808	1	8	4	5	1	1
.71438044	1	8	4	5	1	1
.52144819	0	-2	5	0	1	1
.37338108	1	9	5	8	1	0
.93200946	0	-3	6	8	0	1
-.188437	0	-7	7	0	1	0
.069714449	0	-1	7	6	1	0
.68167341	0	-4	9	5	1	0
.40905085	0	-1	11	13	1	0
.54693484	0	-2	3	5	0	0
.71368706	0	-1	5	2	1	0
.064915061	0	-1	5	3	1	1
.12973145	0	-1	5	3	1	0
.54510325	1	0	4	2	1	1
.34207475	0	-2	5	0	1	1
.055400781	0	-2	5	1	1	0
.6972912	0	-2	5	1	1	0
.15575993	0	-7	5	2	0	1
.62012553	0	-1	5	2	1	0
.38623273	0	-2	6	2	1	0
.049798738	0	-3	6	3	1	0
-.14517194	0	-2	7	4	1	1
-.10849056	0	-2	7	5	1	0
.38554859	0	-2	7	5	1	1
.39030117	0	-2	7	5	1	1
.88728905	0	-9	9	7	0	0
-.11079106	0	-10	11	5	0	1
.048042204	0	-3	5	0	1	0
-.20322581	0	-5	6	0	1	1
-.31566104	0	-10	13	3	1	1
.17014453	0	-9	8	6	0	0
.37505326	0	-1	6	4	1	0
.11585815	0	-3	10	8	1	0
.54284501	1	5	4	3	1	1
1.0870168	1	2	3	1	1	0
.1319298	1	2	3	2	1	1
.93989736	1	8	3	3	1	1
.51395738	0	-2	3	5	0	1
1.2137837	1	7	3	11	0	0
.38439941	1	0	4	2	1	1
.42076454	1	7	4	5	1	1
.85899073	1	8	4	5	1	0
-.095176838	1	6	4	5	1	1
.41810527	1	5	4	11	0	0
.75714421	0	-3	5	0	1	1
.63696575	0	-2	5	1	1	0
1.5089186	0	-1	5	3	1	0
.39152643	0	-1	5	3	1	0
.17700313	0	-1	5	4	1	1
.29403189	1	1	5	4	1	1
.73358715	1	0	5	4	1	0
.80915296	0	-4	5	5	0	1
.70029819	0	-4	5	5	0	0
.43964571	1	3	5	5	1	1
.42355323	1	5	5	5	1	1
.66262352	1	9	5	9	1	0
.35701615	1	0	5	11	0	0
.39594728	0	-2	6	2	1	1
.31267631	0	-2	6	3	1	0
.65922987	0	-4	7	1	1	0
.8362962	0	-2	7	5	1	1
.063636072	0	-5	7	8	0	1
.60259491	0	-4	8	3	1	1
-.27055189	0	-4	8	3	1	0
.24907215	0	-2	9	8	1	0
1.5998772	0	-2	6	3	1	0
-.12635076	0	-3	8	5	1	0
.37940305	1	11	3	4	1	1
.14529222	0	-3	5	0	1	1
.14324386	0	-3	5	0	1	1
-.1995268	0	-2	5	0	1	1
.084430844	0	-3	6	1	1	1
.37089437	0	-2	6	3	1	1
.34939727	1	1	6	6	1	0
.67303073	0	-2	7	5	1	0
-.53005713	0	-2	7	5	1	0
1.3608552	0	-9	9	7	0	1
.68250859	0	-2	4	0	1	0
.54945111	1	8	4	5	1	0
1.0444369	1	4	4	11	0	0
.61289555	1	2	5	5	1	1
.14810021	0	-8	7	5	0	1
.35774842	0	-1	3	0	1	0
1.2441642	1	0	3	8	0	1
1.3181664	0	-1	4	2	1	1
.60822481	1	0	4	2	1	0
.5796985	1	0	4	2	1	1
-.018979363	1	0	4	2	1	0
.38160989	1	2	4	3	1	0
.74597651	1	8	4	5	1	0
1.7455978	1	8	4	5	1	1
.82920086	1	9	4	7	1	1
.40018368	0	-1	5	2	1	1
.25348544	1	1	5	4	1	0
.43544406	1	2	5	5	1	1
.56654817	1	1	5	11	0	1
.44492772	1	0	6	5	1	1
.32933837	1	0	6	5	1	1
.2262802	1	0	6	5	1	1
-.69164437	1	0	6	5	1	1
.49457484	0	-1	6	6	1	1
.14698969	1	1	7	8	1	1
1.5529313	0	-2	7	11	0	0
-1.0788457	0	-10	8	1	0	0
-.36401498	0	-4	7	3	1	0
.42709053	0	-3	9	8	1	1
-.42055491	0	-9	11	4	1	0
-.52978253	0	-1	6	11	0	0
.38658255	0	-5	6	0	1	1
.10719483	0	-2	4	0	1	1
.86934	1	8	2	2	1	1
.5115537	0	-1	4	0	1	1
2.0311687	1	8	4	5	1	0
.48537728	0	-1	6	4	1	1
-.29382375	0	-9	11	2	1	1
.233604	0	-1	5	2	1	0
.014379308	0	-8	14	10	1	1
.96200424	1	0	4	2	1	1
-.10381533	0	-4	3	3	0	0
.145768	1	11	2	3	1	1
2.5074015	1	9	2	3	1	1
.94207084	1	11	2	5	1	1
1.121322	1	12	2	11	0	0
3.5474958	1	11	2	11	0	1
1.4883387	1	11	2	11	0	0
1.2186481	1	11	2	11	0	1
.63423514	1	12	2	11	0	1
.92708999	1	11	2	11	0	0
.98849869	1	11	2	11	0	0
1.9088732	1	12	2	11	0	0
.97966909	1	12	2	11	0	1
.64285827	1	12	2	11	0	1
.86235744	1	12	2	11	0	0
1.8379791	1	11	2	11	0	1
.63948315	1	11	2	11	0	0
1.2604457	1	12	2	12	0	0
.98821539	1	12	2	12	0	1
.4026292	1	9	3	5	1	1
.39688015	1	12	3	6	1	0
1.2271502	1	12	3	6	1	0
.59331447	1	12	3	6	1	0
.44362688	0	-1	4	0	1	0
1.3440529	0	-1	4	0	1	1
.15240903	0	-1	4	0	1	1
.37871999	0	-1	4	1	1	0
-.69215614	0	-1	4	1	1	1
.4674204	0	-1	5	2	1	0
.46938658	0	-1	5	2	1	1
.23483616	0	-1	5	2	1	0
2.4085798	0	-2	5	2	1	0
1.0069097	0	-2	5	2	1	1
-.5374611	1	4	5	5	1	0
.44670281	1	4	5	5	1	1
-.93525976	1	3	5	5	1	0
.94877654	1	12	5	10	1	0
.33126181	1	11	5	10	1	0
.93010044	1	12	5	10	1	0
1.0643315	1	11	6	11	1	0
1.228793	1	12	6	11	1	0
1.0637426	1	12	6	11	1	1
.78534079	1	11	6	11	1	1
.39160472	1	11	6	11	1	1
-.83696949	0	-3	7	4	1	0
1.7613102	0	-1	7	6	1	1
.48829633	0	-1	7	6	1	1
-.052850351	0	-6	6	0	1	0
1.239712	1	7	7	11	1	1
.69549316	0	-2	10	11	1	1
.62010545	1	12	2	5	1	1
.32331654	1	4	2	0	1	0
.49302226	1	4	3	2	1	0
.37340322	1	0	5	11	0	0
.15069117	1	0	6	5	1	0
.95373636	1	4	6	7	1	0
.66072887	1	0	5	4	1	0
-.018887009	0	-9	10	0	1	0
.63713723	1	9	3	5	1	1
-.25114709	1	4	4	4	1	1
.27723101	1	6	4	5	1	1
.52811843	1	9	4	7	1	1
.38719258	0	-1	5	2	1	1
.12432478	0	-1	5	2	1	0
-.23619251	1	1	5	4	1	1
.74160379	0	-3	6	3	1	1
.47812164	0	-4	7	1	1	1
.22973959	0	-2	7	5	1	1
.69028461	0	-3	6	3	1	1
.19173165	0	-1	6	5	1	0
-.43458834	1	0	6	6	1	0
1.1406744	0	-1	4	1	1	1
.7815035	1	10	5	9	1	0
.22607978	0	-1	9	11	1	1
.28746131	0	-8	6	3	0	1
.55849427	1	11	2	11	0	0
.36861485	0	-1	4	1	1	1
1.0605749	1	11	4	8	1	0
-.19774015	0	-1	5	2	1	1
-.28478077	0	-2	6	2	1	0
1.2679634	1	0	6	5	1	1
.98109037	1	0	6	5	1	1
1.165246	1	0	6	6	1	0
.021218384	0	-3	7	5	1	1
-1.2386751	1	8	4	5	1	0
.68101043	0	-1	4	0	1	0
.59838063	0	-8	7	5	0	1
.80381292	0	-8	9	2	1	1
1.6769561	0	-1	4	0	1	0
.43240511	0	-1	5	2	1	0
.60683399	0	-1	5	2	1	0
1.3783731	0	-2	7	5	1	0
1.3141419	0	-2	5	1	1	0
.41514876	0	-2	7	5	1	1
.38658857	0	-8	8	0	1	0
.11484975	0	-3	3	3	0	1
.92008513	1	8	3	11	0	1
-.296942	1	6	3	11	0	0
-.16232729	0	-1	4	0	1	1
2.1866493	1	5	4	3	1	1
-.062748238	0	-3	4	5	0	1
.85049832	1	8	4	5	1	0
.79181123	1	6	4	5	1	1
.57060987	1	7	4	5	1	1
.10204683	1	9	4	5	1	0
.28958067	1	8	4	5	1	1
1.9712023	1	10	4	7	1	1
2.6555619	0	-1	5	2	1	1
1.2157578	0	-1	5	2	1	1
.53177053	0	-1	5	4	1	1
.87388891	0	-1	5	4	1	1
-.16505206	0	-5	5	5	0	1
1.286588	1	4	5	5	1	1
.24811491	1	2	5	5	1	0
.98113328	0	-3	5	7	0	0
.34585541	0	-1	5	10	0	1
.18309544	0	-3	6	2	1	1
-.12705074	0	-1	6	4	1	1
.50320512	1	6	6	9	1	0
2.0142109	0	-4	7	2	1	0
.39173734	0	-7	8	0	1	0
-.053464137	0	-10	11	4	0	0
-.1527262	0	-4	5	6	0	0
.061674334	0	-2	7	5	1	0
.54930389	1	2	8	11	1	1
.71946222	1	12	3	6	1	1
.42896393	0	-1	4	0	1	1
.5290975	0	-1	4	0	1	0
.54490823	0	-1	4	0	1	1
.2586928	1	7	4	5	1	0
.29838425	0	-1	5	2	1	0
1.0949659	0	-1	5	2	1	1
.13574217	0	-1	5	2	1	1
.18858492	0	-1	5	3	1	0
.125429	0	-3	7	5	1	0
.39736962	0	-10	10	2	0	1
.16286017	0	-1	6	4	1	0
-.085451983	0	-7	6	5	0	1
-.072326422	0	-5	6	0	1	0
.36278987	0	-1	6	4	1	0
.47566819	0	-1	6	4	1	0
1.3113271	0	-5	6	0	1	0
.53938186	1	3	2	0	1	0
.44574794	1	2	3	1	1	1
-.064013369	1	9	3	5	1	1
.84410417	1	12	3	6	1	0
.28960052	1	2	4	3	1	1
.90960956	1	4	4	4	1	0
1.3764888	0	-1	5	2	1	1
-.72791749	0	-6	5	5	0	1
.43463892	1	4	5	5	1	0
.71853083	1	5	5	5	1	1
-.26436239	1	2	5	5	1	1
-.79413503	1	2	5	5	1	1
.033677232	1	2	5	6	1	0
-.17496677	1	4	6	7	1	0
1.7737335	1	12	6	11	1	1
.21065769	0	-2	7	4	1	1
-.99774528	0	-3	8	5	1	0
.25953576	1	2	3	2	1	1
-.35099137	0	-1	5	3	1	0
.096070521	0	-8	7	5	0	1
.50151569	0	-2	5	0	1	0
.58187026	1	9	7	11	1	1
1.7206967	1	0	4	2	1	1
.48062885	0	-8	8	7	0	1
.70837706	1	0	3	0	1	1
-.09147545	1	11	3	5	1	0
7.9778061e-07	0	-2	5	0	1	1
.49876288	1	9	5	8	1	1
.30968595	0	-2	6	3	1	1
.0083381981	0	-2	6	3	1	0
.0249613	0	-2	6	3	1	1
1.5163953	0	-3	6	3	1	0
.49852571	0	-1	6	4	1	1
.18931976	0	-10	10	0	0	1
.19512354	0	-2	5	2	1	1
.16968986	0	-2	7	5	1	0
1.5649477	1	14	2	13	0	1
1.4892797	1	14	2	13	0	1
1.0941885	1	14	3	8	1	1
.93883425	1	14	3	8	1	1
.76956367	1	0	4	2	1	0
1.207626	1	13	4	9	1	0
-.15645337	0	-7	5	3	0	0
.79168558	1	0	5	3	1	1
.26370859	1	0	5	3	1	0
.72526598	1	0	5	4	1	0
.58146852	1	0	5	4	1	0
1.1267598	1	3	5	5	1	1
.20012057	1	2	5	5	1	1
1.1036488	1	14	5	11	1	1
-.12074254	0	-7	6	5	0	1
1.0061163	1	0	6	5	1	0
.52803463	1	0	6	5	1	1
-.098150291	1	0	6	5	1	0
.33598864	1	0	6	5	1	1
.18662457	1	0	6	5	1	1
.15516973	1	1	6	5	1	1
1.335904	0	-1	6	5	1	0
1.5950621	1	0	6	6	1	0
1.9648455	0	-6	7	0	1	1
.24457848	0	-2	7	5	1	0
.13093415	0	-8	8	5	0	1
-.10429136	0	-9	10	6	0	0
-.12713698	0	-9	10	6	0	0
-.13625184	0	-10	12	5	0	1
.036454454	0	-10	9	3	0	1
-2.0257971	0	-1	4	2	1	0
.48210824	1	3	2	7	0	1
-.28196934	1	8	4	5	1	0
.51261687	0	-4	6	6	0	1
-.21457413	0	-5	8	3	1	1
1.3425262	1	4	4	3	1	0
.12002711	1	0	4	2	1	0
1.3678701	1	13	5	11	1	1
.4384312	0	-2	7	5	1	0
.90844297	1	12	2	4	1	0
.45102093	1	11	3	6	1	1
.11288321	0	-1	4	0	1	1
.54952049	1	8	4	5	1	1
-.53059208	0	-1	4	8	0	1
.65561903	0	-2	5	1	1	0
.64725065	0	-1	5	2	1	0
.65387982	0	-1	5	9	0	1
.55455303	1	5	6	7	1	0
.034186136	0	-8	8	0	1	0
.5197562	1	2	8	10	1	0
-.26565903	0	-9	9	1	1	1
.54972446	0	-5	9	5	1	1
1.1060854	1	4	3	2	1	0
.29263297	1	2	5	5	1	0
.59415221	1	2	5	5	1	1
-.18827504	1	3	5	5	1	0
.28916454	0	-1	6	5	1	0
.58561349	1	5	3	1	1	0
.43857858	1	0	4	2	1	1
.54077011	1	1	5	3	1	1
.10211707	0	-4	6	0	1	0
-.38717785	0	-1	6	5	1	1
.6563313	1	0	6	5	1	0
.5383231	0	-1	6	5	1	1
.013667526	0	-4	7	1	1	0
.25913426	0	-1	7	6	1	1
.45970312	1	2	7	9	1	0
1.4583378	1	0	5	3	1	1
.59003288	0	-1	5	11	0	1
.55164617	1	0	6	5	1	1
1.7091291	1	0	7	8	1	1
.22166453	0	-1	4	7	0	1
.33698902	1	0	5	3	1	0
1.0941843	0	-1	3	6	0	1
.23220827	0	-7	8	2	1	0
-.044608276	0	-9	9	0	1	0
.65803766	1	8	4	5	1	0
.42135158	1	9	3	4	1	1
.69304895	1	9	3	4	1	0
1.4931091	0	-2	3	5	0	1
.75381207	1	11	3	5	1	1
.42231897	0	-1	4	0	1	1
.37152833	1	6	4	5	1	0
.3940227	1	9	4	5	1	1
.63076192	1	9	4	6	1	0
.74696946	1	9	4	7	1	1
2.1656036	1	0	5	3	1	1
1.0871208	1	0	5	3	1	0
.3411715	1	0	5	3	1	1
.49906984	0	-2	5	8	0	1
-.011884131	0	-9	6	2	0	0
-.200775	0	-2	6	2	1	1
.37773401	0	-3	6	2	1	0
-.9204216	0	-2	6	3	1	0
.052389875	0	-2	6	3	1	1
.86008841	1	0	6	5	1	1
2.0257092	1	0	6	5	1	0
.13302122	0	-3	7	4	1	1
.040604521	0	-2	7	5	1	0
1.0930573	0	-2	7	5	1	1
.77647835	0	-2	7	5	1	0
.25292468	0	-1	7	6	1	1
.026185233	0	-1	7	7	1	1
.45538801	1	0	7	7	1	0
.59994596	0	-1	8	8	1	0
.14781328	0	-4	9	5	1	1
1.0383317	0	-3	9	8	1	1
.51010436	1	0	7	7	1	1
1.2288541	1	4	5	5	1	1
.051238351	1	4	5	5	1	1
1.8304514	1	1	3	0	1	1
.63123667	1	9	3	4	1	1
.6032663	1	9	3	5	1	0
.73077404	1	0	4	2	1	1
.13759567	1	4	4	3	1	1
3.2633207	1	8	4	5	1	1
1.3966628	1	14	4	10	1	0
.60063362	1	0	5	4	1	1
-.74629271	1	4	5	5	1	0
.83590269	1	14	5	11	1	0
.52117378	0	-3	6	3	1	1
1.236986	0	-1	6	5	1	0
-.059639972	1	1	6	5	1	1
.95465082	1	11	5	8	1	1
1.1015726	1	9	5	9	1	0
.83958644	1	12	2	5	1	0
1.5296104	1	8	3	3	1	1
.46861213	1	9	3	4	1	0
.95156735	1	11	3	5	1	1
.50740081	1	10	3	5	1	1
.40560266	1	5	4	3	1	1
.40373123	1	2	4	3	1	0
.55028391	1	6	4	5	1	1
.9449268	1	8	4	5	1	1
.77572376	1	7	4	5	1	0
.78151524	1	6	4	5	1	1
.55663013	1	7	4	5	1	1
.72348297	1	7	4	5	1	0
1.2261147	1	7	5	7	1	1
.74834341	1	8	5	7	1	0
.54374015	1	8	5	7	1	1
.66440451	0	-4	6	0	1	0
.39687005	0	-1	6	4	1	1
.53038889	1	0	6	5	1	0
.46728596	0	-4	6	6	0	0
.42655072	1	6	7	11	1	0
.52861786	1	8	7	11	1	0
-.33448559	0	-10	11	2	0	0
1.4315324	1	1	3	0	1	1
.42025009	1	2	3	1	1	0
1.3013057	1	2	5	5	1	0
1.4087896	1	1	6	5	1	1
.25079718	1	4	2	0	1	1
.89824784	1	12	2	5	1	1
.83442062	1	12	2	5	1	0
1.0369709	1	12	4	8	1	0
.57188171	1	1	5	4	1	1
.22387001	1	11	5	10	1	1
.90026653	1	11	6	11	1	0
.17039835	0	-2	7	4	1	0
-.13822238	0	-8	8	0	1	1
-.37671506	0	-8	11	5	1	1
.33384052	0	-1	4	0	1	1
.80552942	1	10	3	5	1	1
.097310819	0	-3	6	3	1	0
.91533172	1	8	3	3	1	1
.36741647	0	-4	6	7	0	0
.83609217	1	9	2	3	1	0
.79050696	1	11	2	5	1	1
.80379289	1	9	3	5	1	1
.78610772	1	11	3	6	1	1
1.4413377	1	14	3	9	1	0
.92699206	1	16	3	9	1	1
1.1335113	1	15	3	9	1	1
1.1362444	1	15	3	9	1	0
1.3653744	1	15	3	16	0	1
.12437331	1	4	4	3	1	0
.66998339	1	2	4	4	1	1
.77876478	1	4	4	4	1	1
1.3057344	1	15	4	11	1	1
2.2964463	1	15	4	11	1	0
1.0840105	1	15	4	11	1	0
.85364127	1	16	4	11	1	1
1.3073784	1	15	4	11	1	0
.87276584	1	16	4	11	1	0
1.1161996	1	14	4	11	1	1
.9866938	1	15	4	11	1	0
1.3662657	1	16	4	11	1	0
.99864364	1	15	4	11	1	0
.3704356	0	-1	5	4	1	1
1.3255242	0	-1	5	4	1	1
2.879221	1	3	5	5	1	0
.12639092	1	2	5	5	1	0
.55892181	1	4	5	5	1	1
1.3016008	1	4	5	5	1	0
.47481778	1	2	5	5	1	0
.35904539	1	2	5	5	1	0
-.54980123	1	2	5	5	1	0
.65716195	1	12	5	10	1	0
1.2380661	1	14	5	11	1	0
-.065921769	0	-4	6	0	1	1
1.5988429	0	-1	6	5	1	1
.14472538	1	2	6	7	1	1
.71233606	1	4	6	7	1	1
.59364426	1	5	6	7	1	1
.45678636	0	-2	7	5	1	0
-.30743438	0	-9	10	0	1	0
-.14917675	0	-7	10	5	1	0
1.8087058	0	-4	10	8	1	0
-.32751551	0	-10	17	0	1	1
2.2671542	0	-2	7	5	1	0
.40836224	0	-7	8	0	1	1
.47298628	1	2	4	11	0	0
-.16148743	0	-3	4	5	0	0
-.74938715	0	-3	7	2	1	1
1.3031306	1	0	4	2	1	0
-.22072864	1	0	4	2	1	1
.0092931306	0	-3	7	2	1	1
-.16375591	0	-1	10	11	1	1
.81285417	1	11	3	5	1	0
1.4324855	1	11	2	5	1	1
.86749792	1	0	3	0	1	1
.6190002	1	10	3	4	1	0
1.0675437	1	11	3	5	1	1
2.5129602	1	10	3	5	1	0
.84038693	1	12	3	6	1	0
.23920764	0	-6	4	2	0	0
.37144038	0	-7	4	2	0	0
-.77948725	1	4	4	3	1	1
-.30583167	1	5	4	4	1	1
1.0016932	1	9	4	6	1	0
1.0500526	1	13	4	9	1	1
.87736112	0	-3	5	0	1	0
.15993686	0	-1	5	3	1	1
.67072558	1	0	5	4	1	0
.66175967	1	1	5	11	0	1
.45098749	1	0	6	5	1	0
.31903782	1	1	6	6	1	0
.014126915	0	-1	7	6	1	0
.38778648	1	8	7	11	1	1
.99113774	1	0	6	5	1	0
.98363715	0	-4	7	8	0	1
1.2498192	1	5	3	1	1	1
.62685519	1	6	3	3	1	0
.35405648	1	3	4	3	1	1
1.0651438	1	7	4	5	1	0
.35451293	1	6	4	5	1	1
-1.6361547	1	2	5	5	1	1
.44465303	1	2	5	5	1	1
-.22879951	1	2	5	5	1	1
1.2966825	1	7	5	6	1	0
.67113584	1	8	5	7	1	1
.6452319	1	4	6	7	1	0
.90469497	1	2	6	7	1	1
.082570463	1	5	8	11	1	0
.87531388	1	12	4	8	1	1
1.1799729	1	2	4	11	0	1
.6370613	1	4	4	4	1	0
.14758864	1	2	5	5	1	0
.51492333	1	2	5	5	1	0
.62791729	1	2	5	5	1	1
.20461555	1	2	5	5	1	1
.50469822	1	4	6	7	1	1
.39751121	1	2	4	3	1	0
.66679054	1	1	5	5	1	1
.89592171	1	2	5	5	1	0
.1968576	1	5	3	9	0	0
.45306593	1	2	4	3	1	1
.5050627	1	0	6	5	1	0
.72492534	1	0	6	5	1	0
.22125722	1	4	5	5	1	1
.42694083	0	-2	7	5	1	1
.44952527	0	-3	7	5	1	1
2.0059021	1	14	2	6	1	1
.54431868	1	0	3	0	1	0
-.37921041	1	9	3	5	1	1
1.2195091	1	11	3	6	1	1
1.0864611	1	11	3	6	1	0
.99075353	1	13	3	8	1	1
.6970883	0	-1	4	0	1	1
-.11628868	0	-1	4	0	1	1
.23400654	0	-1	4	8	0	1
.97654825	1	14	4	9	1	0
.46700037	1	2	4	11	0	0
.35182592	1	4	5	5	1	0
1.0938545	1	2	5	5	1	1
.27719364	1	2	5	5	1	0
-1.310546	0	-1	6	4	1	1
.62517446	1	8	6	8	1	0
.68020409	1	12	6	11	1	1
-.042158157	0	-6	7	0	1	0
.45262247	0	-1	7	6	1	1
1.6739891	0	-1	10	11	1	1
1.9685806	1	11	2	4	1	1
.37690097	0	-8	5	2	0	1
.3250393	0	-1	4	2	1	1
1.591547	1	16	2	8	1	0
.71486878	1	15	3	9	1	0
.54079461	0	-1	4	0	1	0
.085298076	1	2	4	11	0	0
.28956437	1	2	5	5	1	0
.2978318	1	5	5	5	1	0
.45285577	1	2	5	5	1	0
.93143624	1	5	5	5	1	0
.96066195	1	14	5	11	1	0
-.14174533	0	-4	6	0	1	0
.32253635	1	1	6	5	1	0
-.25955266	0	-7	9	3	1	1
1.6451811	1	5	4	4	1	1
1.4241908	1	9	5	9	1	0
.025498711	0	-3	7	5	1	1
1.1636444	1	14	4	9	1	1
.046690315	0	-3	6	2	1	1
1.0907464	1	2	3	2	1	0
1.1229393	1	9	3	5	1	1
.75361788	1	11	3	5	1	1
.58318442	1	9	3	5	1	1
.66488701	1	10	3	5	1	1
.73056895	1	9	3	5	1	1
.71818012	1	9	4	5	1	1
1.0715444	1	11	4	6	1	1
.3246794	1	11	4	6	1	0
.4200052	1	10	4	7	1	1
1.3838564	1	9	4	7	1	0
1.0364591	1	15	4	11	1	1
-.11914164	0	-2	5	1	1	1
.4827292	1	4	5	5	1	0
.86955202	1	9	5	8	1	1
.45642897	1	9	5	8	1	1
.78565741	1	9	5	8	1	1
.5934822	1	9	5	9	1	1
.52565295	0	-1	6	5	1	0
1.4646132	1	11	5	9	1	0
.33372325	0	-1	7	7	1	1
.9058134	1	7	3	3	1	0
1.9521761	1	7	3	3	1	0
.58252692	1	9	6	9	1	0
2.2569022	1	8	7	11	1	0
.68000025	1	8	7	11	1	0
1.3801113	1	14	2	6	1	1
.23733783	1	0	3	8	0	1
1.6442952	1	14	3	8	1	0
.71046752	1	14	3	8	1	1
.68309325	1	4	3	9	0	1
.87417418	0	-1	4	0	1	1
.066586204	0	-7	5	4	0	1
.49982581	1	3	5	5	1	0
1.1187428	1	5	5	5	1	0
1.3196862	1	14	5	11	1	1
.49562085	1	0	6	5	1	0
1.4205706	1	0	6	6	1	0
1.1063397	0	-8	9	2	1	1
.5562613	1	12	4	8	1	1
.64374155	1	10	5	8	1	0
.66154081	1	0	6	5	1	0
.65335548	1	8	3	3	1	1
.85623837	1	8	3	3	1	0
.60227996	1	5	3	9	0	1
1.0075589	1	17	3	11	1	0
2.0934401	1	16	3	11	1	1
1.3426394	0	-4	4	5	0	0
.60097426	1	8	4	5	1	0
.65534407	1	8	4	5	1	1
.83663702	1	6	4	5	1	1
1.7873869	1	7	4	5	1	0
1.1469573	1	6	4	5	1	1
.43667537	1	9	4	5	1	1
1.51237	1	6	4	5	1	0
.47299832	1	6	4	5	1	1
.62400073	1	9	4	5	1	0
.33446491	1	8	4	5	1	0
.65227658	1	8	4	5	1	0
.57790673	1	9	4	5	1	1
.89878559	1	8	4	5	1	0
1.1291471	1	8	4	5	1	0
.88675857	1	9	4	5	1	0
.3378326	1	6	4	5	1	0
.81929612	1	6	4	5	1	0
1.2480283	1	17	4	13	1	1
1.3554476	1	16	4	13	1	1
.71721393	1	0	5	3	1	1
.74175131	1	0	5	3	1	1
.52919328	1	6	5	6	1	0
2.3315823	1	7	5	7	1	1
.81612033	1	8	5	7	1	0
1.3830419	1	17	5	14	1	1
.79349357	1	8	6	9	1	0
.31906551	0	-9	7	3	0	0
.1802226	0	-8	11	5	1	0
1.1727322	1	16	3	11	1	0
1.5048785	1	2	3	2	1	1
.55025417	0	-4	8	5	1	1
.48391899	0	-1	8	7	1	0
.95123392	1	11	2	4	1	1
.51153743	1	6	4	5	1	1
.33556849	0	-1	5	9	0	1
.20183584	0	-4	6	0	1	1
.34807581	0	-3	7	2	1	0
-.29863709	1	9	3	5	1	1
1.1262878	1	12	3	6	1	0
-.013572866	0	-1	4	0	1	1
1.2054547	1	12	4	8	1	1
.77516747	1	11	4	8	1	1
-.84786379	0	-3	5	1	1	1
.32688859	1	5	5	5	1	1
.87789088	1	0	6	6	1	1
-.054028433	0	-3	8	4	1	0
.21157826	1	4	4	4	1	1
1.4343905	0	-1	6	5	1	0
.55512261	0	-3	6	3	1	1
.18667172	0	-1	3	0	1	0
.51096988	1	4	3	2	1	1
-.088044323	0	-6	8	1	1	0
.83623368	1	6	2	1	1	1
1.0529122	1	8	3	11	0	1
1.5745761	1	5	4	3	1	1
.98111743	1	2	4	3	1	0
.1086567	1	2	4	3	1	0
.22823417	1	2	4	3	1	1
.48114017	1	2	4	3	1	1
.73744953	1	2	4	3	1	1
1.8611118	1	5	4	3	1	1
.61681062	1	4	4	4	1	0
.50456452	1	5	4	11	0	1
.604101	1	2	4	11	0	0
.22395468	1	0	5	3	1	1
.78441185	1	2	5	5	1	1
.34196091	1	4	5	5	1	1
.23134947	1	2	5	5	1	1
.58050323	1	2	5	5	1	1
1.3991278	1	14	5	11	1	0
.32179812	0	-1	8	7	1	0
1.9777889	1	14	5	11	1	0
.78919935	1	10	4	6	1	1
-.073234245	1	6	5	7	1	0
.55490291	1	9	3	5	1	1
.51707983	1	9	3	5	1	0
1.0642238	1	8	3	11	0	1
.31797329	0	-1	4	0	1	1
.48741686	1	9	4	5	1	1
1.7426612	1	8	4	5	1	0
-.63934112	1	6	4	5	1	0
.52663523	1	6	4	5	1	1
.8217907	1	7	4	5	1	0
1.1231558	1	11	4	7	1	1
1.695419	1	9	4	7	1	0
-.089891553	1	6	4	12	0	0
.38947609	0	-3	5	1	1	1
.84546584	1	8	5	6	1	0
.70434266	1	7	5	7	1	0
-.071817875	0	-3	6	3	1	0
.74196148	0	-5	6	7	0	0
.31040695	0	-8	8	7	0	1
.60322553	1	8	4	5	1	0
1.1173191	1	6	4	5	1	0
.65180242	1	6	4	5	1	1
.75707632	1	7	4	5	1	1
1.6041589	1	8	4	5	1	1
.57331657	1	6	4	5	1	1
.61263669	1	6	4	5	1	0
-.080049179	1	8	5	6	1	1
.6954127	1	8	5	6	1	1
2.0883572	1	8	5	6	1	0
.68203014	1	7	7	11	1	0
.5721029	1	7	7	11	1	0
.12145838	1	6	3	11	0	1
.66066372	1	6	4	5	1	0
-.045081478	1	7	4	5	1	0
.37101415	1	9	4	5	1	0
.87619597	1	6	4	5	1	1
.71428353	1	8	4	5	1	0
.69972342	1	8	4	5	1	0
.87338132	1	8	5	7	1	1
.16486171	1	8	4	5	1	1
1.021899	1	9	3	5	1	1
.93462783	1	14	3	8	1	0
1.8509496	1	14	3	8	1	1
1.0949636	1	13	3	8	1	1
2.7467456	1	15	3	9	1	1
2.1017368	1	15	3	9	1	0
1.053494	1	17	3	11	1	0
.5139159	0	-1	4	2	1	0
.28623199	1	6	4	5	1	0
.85995871	1	8	4	5	1	0
.77616382	1	8	4	5	1	1
.4156225	1	8	4	5	1	0
.55991131	1	8	4	5	1	0
.65065056	1	8	4	5	1	1
1.5647092	1	6	4	5	1	0
1.5279222	1	12	4	8	1	1
.56874502	1	0	4	9	0	0
.96327859	1	14	4	9	1	0
1.0996876	1	13	4	9	1	1
1.24823	1	14	4	9	1	0
1.3263056	1	14	4	10	1	1
.72493094	1	0	5	4	1	1
.28853622	1	2	5	5	1	0
.75238091	1	14	5	11	1	1
1.0123794	1	13	5	11	1	0
.49424422	0	-2	6	2	1	0
2.2832034	1	0	6	5	1	0
.65118283	1	3	6	7	1	1
.3935177	1	6	6	8	1	1
1.3529024	0	-1	7	7	1	0
.85557449	1	6	7	11	1	0
.53215015	0	-1	9	11	1	0
1.0741783	1	12	4	10	1	1
.3021369	0	-10	7	0	0	1
-.32550529	0	-7	6	4	0	1
-1.2129688	0	-8	6	4	0	1
1.3679279	1	14	2	7	1	1
1.3795804	1	8	3	3	1	0
.89232969	1	8	3	3	1	0
.60123402	1	8	3	11	0	0
1.2750276	1	16	3	11	1	1
.38613579	1	3	4	4	1	1
.84090281	1	6	4	5	1	0
1.3795224	1	8	4	5	1	1
.83755112	1	8	4	5	1	0
.71639597	1	8	4	5	1	1
1.5612085	1	8	4	5	1	1
.97377843	1	8	4	5	1	1
1.4112576	1	8	4	5	1	1
.5563224	1	6	4	5	1	1
.80280793	1	14	4	9	1	1
.90987474	1	0	6	5	1	0
.69328076	0	-9	9	0	1	1
1.3953475	0	-10	8	1	0	0
1.6126674	1	15	4	11	1	0
.4788844	1	9	5	8	1	1
.50200176	1	0	6	5	1	0
.24823897	1	2	6	7	1	0
-.37202743	0	-4	7	9	0	1
1.2307806	1	13	4	9	1	0
-1.0641021	1	12	3	6	1	0
1.1945515	1	12	3	6	1	0
2.2494969	1	13	3	8	1	0
1.914876	1	14	3	8	1	1
1.691578	1	16	3	11	1	1
1.6703703	1	12	3	13	0	1
.037064064	0	-1	4	1	1	1
.2368872	0	-3	4	4	0	0
.67269218	0	-3	4	5	0	1
.42285711	1	8	4	5	1	0
1.0397077	1	9	4	6	1	0
.94537157	1	12	4	8	1	0
1.0770154	1	11	4	8	1	0
.99267352	1	2	5	5	1	0
.83654517	1	6	5	7	1	0
.45775717	1	4	6	7	1	1
.89441621	1	12	6	11	1	1
.29727739	0	-1	7	5	1	1
.53089476	1	7	7	11	1	0
1.1994219	0	-3	7	3	1	0
.71484268	1	5	5	5	1	1
.43002105	1	4	5	5	1	0
.25199237	0	-4	6	1	1	1
.55118769	1	9	3	5	1	0
1.5247942	1	9	4	7	1	1
1.2217566	0	-7	8	2	1	0
.67413718	1	8	4	5	1	0
.37899345	1	14	4	9	1	0
1.3974549	1	16	4	11	1	0
1.0139436	1	2	5	5	1	1
1.9417446	1	3	5	5	1	1
-.012450116	1	2	5	5	1	1
.40860632	1	4	5	5	1	0
-.87604958	0	-4	6	0	1	1
-.3217167	0	-2	5	2	1	1
.31022036	0	-2	5	1	1	1
1.083769	1	0	4	2	1	0
.83611065	1	7	6	9	1	0
.52125901	1	1	6	5	1	0
-.12407707	0	-8	9	1	1	1
-.45800057	0	-7	9	2	1	0
1.4366097	1	19	2	11	1	1
.56258279	1	9	3	4	1	0
2.0081882	1	11	3	4	1	1
.84182549	1	10	3	4	1	1
.23435374	0	-2	3	5	0	1
.73446125	1	10	3	5	1	0
.8350237	1	9	3	5	1	0
.69621533	1	10	3	5	1	0
.78236282	1	9	3	5	1	0
.52394831	1	9	3	5	1	1
.68770975	1	11	3	5	1	0
.53404558	1	9	3	5	1	1
.85724038	1	9	3	5	1	0
.41959167	1	9	3	5	1	1
2.1884389	1	8	4	5	1	1
1.33833	1	9	4	6	1	0
1.1941229	1	11	4	6	1	1
1.4788862	1	9	4	7	1	0
1.1146574	1	10	4	7	1	1
1.1257219	1	13	4	9	1	0
1.562791	0	-3	5	0	1	1
1.0398471	1	3	5	5	1	0
.72190201	1	4	5	5	1	1
.27639773	1	2	5	5	1	0
.25914884	1	8	5	6	1	1
.3964676	1	9	5	8	1	0
.65655142	1	9	5	8	1	0
2.5004802	1	9	5	8	1	1
.70152622	1	9	5	8	1	1
.57475251	1	11	5	8	1	1
.46988496	1	9	5	8	1	1
.85457033	1	9	5	8	1	0
1.4051989	1	9	5	8	1	1
.76209152	1	11	5	9	1	0
.7605716	1	13	5	11	1	0
.34236059	1	14	5	12	1	0
.25459123	0	-3	6	2	1	0
.19577785	0	-2	6	3	1	0
.58075774	1	9	6	9	1	1
.0088789286	0	-1	7	5	1	0
.8609702	0	-1	7	5	1	0
2.1522746	0	-5	5	5	0	0
.32197726	0	-1	6	5	1	1
-.71409857	1	3	4	3	1	1
1.8518795	1	9	4	7	1	1
.92002791	1	13	4	9	1	1
.93131346	1	14	4	9	1	1
.89627182	1	14	4	10	1	1
2.0397022	1	14	4	10	1	1
.19746551	0	-1	5	3	1	1
.51841897	1	0	5	4	1	1
.16739695	0	-3	5	6	0	1
.55949181	1	14	5	11	1	1
3.0456114	1	13	5	11	1	0
.89510655	1	14	5	12	1	0
-.047688298	1	1	6	5	1	0
1.0083364	1	9	2	3	1	1
1.9137352	1	12	3	6	1	0
1.1840792	1	14	3	7	1	1
1.4869356	1	14	3	7	1	1
.60810542	1	6	3	11	0	1
1.0159118	1	8	4	5	1	0
-.418311	1	8	4	5	1	1
1.630087	1	14	4	11	1	1
-.72558296	1	1	5	3	1	1
.19406351	1	2	5	5	1	1
-.065776236	1	4	5	5	1	1
-.05659027	1	8	5	6	1	1
.50272852	1	6	5	6	1	0
1.0963222	1	6	5	7	1	0
2.0148826	1	6	5	7	1	0
.92407602	1	8	5	7	1	0
-.54412591	1	8	5	7	1	0
-.95795858	1	1	5	11	0	0
1.4252138	1	17	5	15	1	0
.39877355	0	-3	7	2	1	1
2.6476865	0	-5	7	9	0	1
1.2619091	1	8	7	11	1	1
.16329959	1	8	7	11	1	0
.57830918	0	-4	8	5	1	1
.024755606	0	-1	8	7	1	1
.84220165	0	-3	10	8	1	1
.50289685	1	4	5	5	1	1
1.6592222	1	9	3	5	1	1
.57678694	1	9	3	5	1	0
.79980356	1	9	3	5	1	1
1.8290366	1	14	3	7	1	0
.27565429	0	-1	4	0	1	1
1.3388894	1	9	4	5	1	1
.58023924	1	10	4	6	1	1
.23833551	1	11	4	7	1	0
.025096724	1	9	4	7	1	1
1.1346732	1	9	4	7	1	1
.76972544	1	9	4	7	1	0
1.0567383	1	12	4	8	1	1
1.641987	1	11	4	8	1	1
1.9181437	1	8	4	12	0	1
1.7953941	1	9	5	8	1	0
1.3506557	1	11	5	9	1	1
.81778556	1	10	3	4	1	0
.94123113	1	9	3	5	1	0
1.6130041	1	9	3	5	1	1
.78964347	1	9	4	6	1	0
.46551803	1	9	4	6	1	0
.65487361	1	9	4	7	1	1
.74755377	1	0	4	2	1	1
1.3975921	1	8	4	5	1	0
.21670826	1	6	3	3	1	0
.76749647	1	8	4	5	1	1
.94008207	1	9	3	5	1	1
.0065487968	0	-10	7	0	0	1
-.19674261	0	-9	9	4	0	1
1.6554114	1	11	2	3	1	1
1.2001216	1	16	2	7	1	1
-.54034358	1	3	3	1	1	0
.88221157	1	15	3	9	1	1
1.4315127	1	15	3	9	1	1
.29317394	1	5	4	3	1	1
1.8318832	1	5	4	3	1	1
.30359748	1	3	4	3	1	1
.57315797	1	2	4	3	1	1
.16884816	1	4	4	4	1	1
1.1097436	1	4	4	4	1	0
.38857919	1	2	4	4	1	1
.0027117599	1	6	4	5	1	1
.97332358	1	11	4	7	1	0
1.2487489	1	12	4	8	1	1
1.008195	1	12	4	8	1	1
.37788126	1	14	4	10	1	1
.99417841	1	14	4	11	1	1
1.1324762	0	-4	5	5	0	1
-.19165958	1	4	5	5	1	0
.348777	1	4	5	5	1	0
.93399215	1	1	5	5	1	0
-.27480143	1	2	5	5	1	1
.42342153	1	5	5	5	1	1
.84109634	1	5	5	5	1	1
.71828735	1	2	5	5	1	0
.55038345	1	3	5	5	1	0
.42654401	1	12	5	9	1	1
-.14937708	0	-1	6	5	1	1
.98893231	1	0	6	6	1	1
.75795352	1	4	6	7	1	0
1.0048712	1	2	7	16	0	1
-.038010187	1	4	8	11	1	1
-.54059368	0	-9	9	5	0	0
.14521149	1	10	5	8	1	0
.54317224	1	2	5	5	1	1
.56056565	1	9	5	8	1	1
1.4047145	0	-1	7	5	1	0
.45783287	0	-3	7	3	1	0
.97856957	1	6	3	3	1	1
1.1005604	1	9	3	5	1	1
.45275736	1	9	3	5	1	1
.69990391	1	9	3	5	1	0
.87059063	1	9	3	5	1	1
.67162204	1	9	4	6	1	1
1.1095932	1	11	4	6	1	1
-.21576273	1	9	4	6	1	0
.69425094	1	9	5	8	1	1
.97548592	1	13	5	11	1	1
.45197865	0	-2	6	2	1	0
-.16751023	0	-1	6	4	1	1
.5297277	1	5	6	7	1	1
.9051407	1	11	8	14	1	0
1.0922719	1	15	4	11	1	0
.78872043	1	6	6	8	1	0
.090447269	0	-5	8	3	1	1
1.4513386	0	-1	6	5	1	0
.29139048	1	0	6	5	1	1
1.0619652	1	11	3	5	1	1
.0087440629	1	9	3	5	1	1
1.3935535	1	14	3	7	1	0
1.0018755	1	14	3	8	1	0
.20567413	1	11	4	8	1	0
.62692207	1	14	4	9	1	1
.62739873	1	14	4	9	1	1
1.7200462	1	14	4	9	1	0
.20873427	1	13	4	9	1	1
1.3382124	1	13	4	10	1	1
.42345124	0	-1	5	3	1	1
.77536809	1	12	5	9	1	0
.69574726	1	13	5	11	1	0
1.5995762	1	14	5	11	1	1
.99550045	1	12	6	11	1	0
-.028618611	0	-7	7	0	1	1
-.085631922	0	-1	8	7	1	1
.49872977	1	0	6	5	1	0
.21333395	0	-3	6	3	1	1
-.29556	1	15	4	11	1	1
.32656983	0	-2	7	5	1	1
.17746301	1	0	6	5	1	1
1.4248712	1	18	2	9	1	1
.6629793	1	8	4	5	1	1
1.5854877	1	16	4	13	1	1
.75283092	1	5	5	5	1	1
.6652118	1	8	5	6	1	0
.64445668	1	6	5	6	1	0
-.11549544	0	-4	8	5	1	1
-.26447457	1	9	4	5	1	0
.46328312	1	11	3	5	1	1
2.7330234	1	11	4	7	1	1
.59130985	1	2	5	5	1	0
.50203186	1	2	5	5	1	1
.13684388	0	-4	8	3	1	0
.26550648	1	9	4	6	1	1
-.4615505	0	-4	6	0	1	0
.69734436	0	-2	3	5	0	0
.99788415	1	9	3	5	1	0
.91074389	1	9	3	5	1	0
.61409789	1	11	3	5	1	1
-.4603712	1	12	3	6	1	1
.60806435	1	12	3	6	1	0
1.4655983	1	20	3	14	1	0
1.0374553	1	9	4	6	1	0
.1380485	1	9	4	7	1	0
.72198659	1	9	4	7	1	1
.48506191	1	12	4	8	1	0
.85708839	1	16	4	11	1	1
.57717013	0	-2	5	0	1	1
.77984917	1	11	5	9	1	1
.84292507	1	12	5	9	1	0
1.0107304	1	12	5	9	1	1
1.175684	0	-1	6	4	1	0
.33002949	0	-2	6	4	1	0
-.047714561	1	8	6	9	1	0
.59376317	0	-1	7	6	1	0
.3578729	1	2	8	10	1	1
1.8244859	1	11	5	8	1	1
.53062207	1	10	3	5	1	1
.69841647	1	11	4	8	1	0
.98934817	1	16	2	8	1	0
.70977193	1	5	3	2	1	0
.96772194	1	10	3	5	1	0
.95053047	1	8	4	5	1	0
.59629464	1	7	4	5	1	0
1.4733307	1	15	4	11	1	0
1.3860157	1	16	4	11	1	0
.68015105	1	2	6	7	1	0
.99560803	1	6	6	8	1	0
1.0746193	1	0	5	4	1	1
.69760919	1	11	3	6	1	0
-.082893468	0	-7	7	0	1	1
-.19186203	0	-10	12	0	1	0
-.2691552	0	-10	12	0	1	1
1.3824103	1	8	7	11	1	0
.7655983	1	12	2	5	1	1
.62210417	1	0	3	0	1	1
.81167138	1	9	3	4	1	1
.34826726	1	10	3	4	1	1
1.4185276	1	11	3	5	1	0
.9828285	1	12	3	6	1	1
1.8807319	1	16	3	11	1	0
.79635006	1	16	3	11	1	0
2.2090585	1	17	3	11	1	1
.83812845	1	11	4	6	1	0
1.0911884	1	10	4	7	1	0
.45409843	1	11	4	7	1	0
1.2029781	0	-1	4	8	0	0
1.2569176	1	12	4	8	1	0
1.1585779	0	-2	5	0	1	1
.59198338	1	10	5	8	1	1
.88075715	1	14	5	11	1	1
.37094957	0	-2	6	3	1	0
1.5489576	1	0	6	5	1	1
1.6047189	1	1	6	5	1	1
-.87153953	1	2	6	7	1	1
.47341779	0	-4	7	1	1	0
2.5634773	1	11	2	5	1	0
.061587691	1	2	4	4	1	0
1.0634731	1	3	4	4	1	0
.27820048	1	10	4	6	1	1
1.3586175	1	12	4	8	1	0
.99972415	1	14	4	9	1	0
2.1557913	1	14	4	10	1	1
.55414665	1	16	4	11	1	0
1.3652552	1	0	5	3	1	0
2.6019094	1	9	5	8	1	1
1.1366872	1	11	5	9	1	1
.90307415	1	12	5	10	1	0
.77864629	0	-1	5	11	0	1
.76721585	1	14	5	11	1	0
1.0697471	1	14	5	11	1	0
1.0889902	1	12	5	11	1	0
1.4268979	1	14	5	11	1	1
.77618915	1	0	6	5	1	1
.38231784	1	1	6	6	1	1
-.36485183	1	4	6	7	1	1
.8931579	1	11	6	11	1	0
.8072983	1	12	3	14	0	1
.91133213	1	11	3	6	1	0
.64199406	1	12	4	8	1	1
.99387425	1	12	4	8	1	0
1.8044292	1	11	5	9	1	1
.74774039	1	12	5	10	1	0
.77223468	1	11	6	11	1	0
1.1424098	1	12	6	11	1	0
.8689571	1	12	4	8	1	1
.83841407	1	12	2	4	1	1
.56635654	1	4	5	5	1	0
.75667781	1	9	3	5	1	1
.46539265	1	4	4	3	1	0
1.2198203	1	16	3	11	1	0
1.571214	1	5	3	2	1	1
.59150392	1	8	3	3	1	1
.41606003	1	12	3	6	1	0
2.5099976	1	14	3	7	1	0
1.2908306	1	17	3	10	1	0
.7795186	1	8	3	11	0	0
1.1246673	1	17	3	11	1	1
1.3622687	1	16	3	11	1	1
1.7767841	1	17	3	11	1	0
1.2944895	1	8	4	5	1	0
1.4330838	1	8	4	5	1	0
-.14417094	1	6	4	5	1	1
.37506282	1	7	4	5	1	1
1.1024984	1	8	4	5	1	1
1.1234338	1	8	4	5	1	0
.81850213	1	12	4	8	1	1
.86140221	1	12	4	8	1	0
1.1063658	1	12	4	8	1	0
.75113267	1	14	4	9	1	1
.59739935	1	13	4	9	1	0
.511078	1	8	5	6	1	1
1.3012747	1	12	5	9	1	0
.78487951	1	12	5	9	1	1
1.1634014	1	12	5	10	1	1
1.1588033	1	17	5	14	1	1
1.6958058	1	12	6	11	1	1
.27552998	0	-4	7	3	1	0
.15718044	0	-2	7	5	1	1
.70743877	1	7	7	11	1	1
-.38641551	1	9	4	6	1	1
.10585637	1	4	5	5	1	1
1.0266978	1	17	3	11	1	1
-.7512145	1	10	6	10	1	1
.45630062	1	4	4	3	1	0
.84203243	1	11	2	4	1	1
-.028072072	1	12	3	6	1	1
1.5660408	1	15	3	9	1	0
1.7172203	1	17	3	11	1	1
.60998631	1	6	4	5	1	1
.71719593	1	11	4	8	1	1
1.0982111	1	0	6	5	1	1
.38863444	0	-1	8	8	1	1
.92911631	1	4	4	3	1	0
.82894015	1	8	5	6	1	0
-.61028695	1	6	7	11	1	1
-.019225525	1	19	5	14	1	1
.83594084	0	-1	7	5	1	0
.25947672	0	-1	7	5	1	1
.54243821	1	14	2	8	1	1
1.5380189	1	16	2	8	1	1
1.5917852	1	16	3	9	1	0
.83365756	0	-1	4	0	1	1
.48390123	0	-2	4	0	1	1
.63911438	1	8	4	5	1	0
.51220387	1	8	4	5	1	1
1.1674886	1	9	4	6	1	1
.80402416	1	2	4	11	0	0
.53340238	1	15	4	11	1	1
.81997049	1	15	4	11	1	1
1.1600553	1	15	4	11	1	0
.60367936	1	15	4	11	1	1
.98731393	1	16	4	11	1	0
.30541453	0	-2	5	2	1	1
-.30008161	1	2	5	5	1	0
.28115225	1	4	5	5	1	1
.55003184	0	-1	5	9	0	1
.41945666	0	-1	5	9	0	1
.66006225	1	4	6	7	1	1
.56011361	0	-1	7	5	1	1
.21414527	0	-4	10	6	1	0
1.134535	1	8	4	5	1	1
.97657603	1	14	5	11	1	0
.18705477	0	-1	7	5	1	1
1.1261334	1	12	4	8	1	1
.048630785	0	-8	5	2	0	0
1.5579922	0	-3	8	5	1	0
.90419304	0	-1	8	7	1	1
.26506138	0	-1	8	7	1	1
.50360745	0	-4	5	6	0	1
.83213025	1	9	5	8	1	1
.80291241	1	0	3	0	1	1
.50931823	1	8	4	5	1	0
.94518757	1	12	4	8	1	0
.43026963	0	-2	5	2	1	0
1.7148871	1	0	6	5	1	0
1.1574112	1	12	6	11	1	0
.85325152	1	12	3	14	0	1
1.3287958	1	14	3	8	1	1
1.0066408	1	9	5	8	1	0
.46207011	1	0	8	9	1	0
.55119056	0	-4	9	4	1	0
.70272726	1	11	4	6	1	1
.80096555	1	12	2	5	1	0
1.8770041	1	15	2	8	1	0
.96243221	1	20	2	14	1	0
.86914337	1	12	3	7	1	1
.76603127	1	14	3	7	1	1
1.3476571	1	13	3	7	1	0
.37433994	1	1	3	8	0	0
.92024833	1	14	3	8	1	1
1.1635746	1	14	3	8	1	1
2.0903101	1	8	4	5	1	0
1.0224407	1	13	4	9	1	0
1.0808431	1	13	4	9	1	0
.83406144	1	14	4	9	1	0
1.2578105	1	13	4	10	1	0
.91671115	1	14	4	10	1	0
.40772438	1	15	4	11	1	1
.89203489	0	-9	5	0	0	1
.80726558	0	-2	5	0	1	0
.40232721	1	1	5	11	0	0
1.3712196	1	14	5	11	1	1
1.135752	1	13	5	11	1	0
.82062685	1	14	5	11	1	1
1.1371139	1	14	5	11	1	1
.99414051	1	14	5	11	1	1
.92309731	1	13	5	11	1	1
.77564704	1	0	6	5	1	0
.61821181	0	-1	6	5	1	0
-.047273926	0	-3	7	11	0	0
2.0038049	1	12	7	13	1	1
1.368668	1	6	5	7	1	1
.8835662	1	14	3	7	1	0
.93747205	1	14	5	11	1	0
2.1979327	1	14	5	11	1	0
.34797582	0	-9	11	0	1	0
.99127233	1	18	2	9	1	0
1.0624958	1	17	3	11	1	1
1.3510034	1	8	4	5	1	0
1.2399544	1	6	4	5	1	0
.55074364	1	8	4	5	1	0
.61747181	1	6	4	5	1	0
-.77828848	1	11	4	6	1	0
.06284783	1	11	4	8	1	0
1.1330374	1	2	5	5	1	1
1.1998477	1	2	6	7	1	0
.40433371	0	-3	7	3	1	0
2.0679605	0	-3	8	4	1	1
.0067152083	1	5	5	5	1	0
.11700762	1	2	5	5	1	0
.294485	1	5	5	5	1	1
.28397623	1	2	5	5	1	0
.35362908	0	-10	12	5	0	1
1.9360223	1	8	4	5	1	1
1.2417419	1	18	4	12	1	0
.75472534	1	12	2	5	1	0
.60470927	1	12	3	6	1	0
.96785319	1	12	3	6	1	0
.62154227	1	8	4	5	1	1
1.6856543	1	12	4	8	1	0
.84019977	1	11	4	8	1	0
1.0247561	1	12	4	8	1	0
.78319389	1	12	4	8	1	0
.35972202	1	12	4	8	1	1
.71603709	1	4	5	5	1	1
.74398804	1	11	5	9	1	1
1.0447468	1	12	5	10	1	1
.084349081	1	12	6	11	1	0
.5965811	1	12	6	11	1	0
1.2027425	1	12	6	11	1	0
.44588652	0	-1	9	10	1	1
1.7472582	1	19	2	11	1	1
1.9167991	0	-9	7	2	0	1
.794626	1	15	3	9	1	1
1.2806524	1	15	4	11	1	1
1.0754241	1	16	4	11	1	0
3.1821208	1	0	6	5	1	0
.84736311	1	8	5	6	1	0
.9089945	1	9	3	5	1	1
.85389864	1	13	3	7	1	0
-.035952091	1	14	3	7	1	1
1.1374619	1	14	3	7	1	1
.81037217	1	13	4	9	1	0
.59588087	1	14	4	9	1	0
1.4558479	1	14	4	9	1	0
1.3547077	1	0	5	3	1	1
.54377997	1	4	5	5	1	1
1.5733285	1	5	5	5	1	1
2.6839783	1	2	5	5	1	0
1.0401871	1	14	5	11	1	1
1.2665887	1	14	5	11	1	0
.95877153	1	14	5	11	1	1
.98343217	1	13	5	11	1	1
1.328045	1	12	5	11	1	1
1.3331954	0	-1	7	5	1	0
-.040417034	0	-3	8	5	1	0
1.5430733	0	-1	8	7	1	0
1.1600571	1	9	3	4	1	0
.12856723	0	-4	5	5	0	0
.83890134	1	14	3	7	1	0
1.2909201	1	13	3	8	1	1
1.3827153	1	14	3	8	1	0
.93201524	1	13	4	9	1	0
1.0471153	1	14	5	11	1	1
.86935902	1	14	5	11	1	0
.37726226	1	14	3	8	1	0
1.0751165	1	14	4	10	1	1
-.95160073	0	-1	6	4	1	1
.56338191	1	15	2	7	1	1
1.2273085	1	16	2	8	1	0
1.4724069	1	19	2	11	1	1
2.1892042	1	19	2	11	1	0
1.2941455	1	11	3	4	1	0
1.4577253	1	9	3	5	1	1
.60518682	1	9	3	5	1	0
.79698348	1	10	3	5	1	0
.78946072	1	9	3	5	1	1
1.2080995	1	14	3	7	1	0
.85131377	1	13	3	7	1	1
.95563555	1	14	3	8	1	0
.34055433	1	3	4	3	1	0
.52133518	1	8	4	5	1	0
1.834039	1	8	4	5	1	1
.97437114	1	9	4	6	1	1
1.9911256	1	9	4	6	1	1
.83578146	1	14	4	9	1	1
1.5184939	1	13	4	9	1	0
.90532291	1	13	4	9	1	1
.9368307	1	14	4	9	1	1
.94583958	1	9	4	14	0	1
.26671037	0	-2	5	0	1	0
.13208885	1	9	5	7	1	1
.25593546	1	13	5	11	1	0
1.0224824	1	14	5	11	1	1
.97234368	1	13	5	11	1	1
.20992661	0	-7	6	3	0	0
.45867082	1	2	8	11	1	1
1.0992761	1	18	3	11	1	1
-.44052514	0	-8	11	3	1	1
.35483098	1	8	5	6	1	0
1.3277404	0	-9	10	0	1	1
1.1013291	1	15	4	11	1	1
1.2071406	0	-2	6	3	1	0
.49237856	1	2	4	3	1	1
.95998937	1	14	3	7	1	1
.69425249	1	13	4	9	1	0
1.1183116	1	14	4	9	1	1
.64360458	1	14	4	9	1	1
.61767662	1	13	5	11	1	0
.72091246	1	13	5	11	1	1
.23740765	1	13	5	11	1	0
1.036065	1	14	5	11	1	0
.86208183	0	-10	11	5	0	1
1.9095513	1	11	2	5	1	0
.74707425	1	11	3	6	1	1
.60998398	1	12	4	8	1	1
.83195937	1	14	5	11	1	1
1.4412447	1	11	3	6	1	1
2.0024686	1	17	2	9	1	0
1.1710737	1	14	3	7	1	1
1.2514127	1	17	3	10	1	1
.99106932	1	17	3	10	1	1
.71932071	1	16	3	11	1	1
1.6143516	1	17	3	11	1	0
2.2986143	1	18	3	11	1	0
.75599259	1	17	3	11	1	0
1.4804237	1	17	3	11	1	1
1.0244718	1	17	3	11	1	1
1.0430802	1	17	3	11	1	1
.99286866	1	18	3	11	1	0
.94165546	1	17	3	11	1	0
1.0797272	1	17	3	11	1	0
1.4119958	1	8	4	5	1	1
.72670168	1	6	4	5	1	0
1.3345017	1	14	4	9	1	1
.80961597	1	14	4	10	1	0
.26371887	0	-1	5	2	1	0
.45068258	1	2	5	5	1	1
-.1661285	1	6	5	6	1	0
.25699615	1	8	5	7	1	1
1.4896243	1	14	5	11	1	0
.89348108	1	14	5	11	1	1
.81045026	1	10	5	16	0	0
.2871308	0	-1	6	6	1	1
.92294389	1	8	6	9	1	1
1.1764083	1	12	6	11	1	1
-.1852029	0	-7	7	0	1	1
.22327517	0	-3	7	2	1	1
1.4408684	1	6	8	12	1	1
.3352446	0	-1	9	11	1	0
.66659498	1	0	6	5	1	0
.48589581	1	0	6	5	1	1
.33456504	0	-2	6	2	1	1
.82417512	1	0	3	0	1	1
.39168081	1	0	4	9	0	0
1.3461415	1	14	3	7	1	0
.64076513	1	8	4	5	1	1
2.0998213	1	12	2	4	1	0
-2.4274747	1	17	2	9	1	0
1.2179991	1	9	3	5	1	1
1.0514896	1	14	3	7	1	0
.60109723	1	0	4	2	1	1
2.7240567	1	15	4	11	1	0
1.0995317	1	9	5	6	1	0
.90992719	1	11	5	8	1	1
1.058537	1	9	5	8	1	0
.37359855	1	0	7	7	1	1
-.54539394	0	-9	11	0	1	0
.69030058	1	11	4	6	1	0
1.1682906	1	16	3	11	1	0
.1709401	0	-4	8	5	1	0
.80022299	1	14	3	8	1	0
1.1782784	1	15	3	9	1	0
1.8463907	1	16	3	11	1	1
.26709762	1	5	4	3	1	1
.87264287	1	15	4	11	1	1
.54821134	1	16	4	11	1	0
1.1386005	1	16	4	11	1	0
1.1860799	1	15	4	11	1	1
.26561946	1	2	5	5	1	1
.65205294	1	6	5	7	1	1
.11698426	1	9	5	8	1	0
1.1776689	1	12	5	9	1	0
.16001172	1	14	5	11	1	1
.59281802	1	8	6	9	1	1
.33496127	0	-1	7	5	1	0
.20355117	0	-4	9	5	1	0
-.36542866	0	-7	4	2	0	1
1.7119814	1	13	4	10	1	0
-.13217181	0	-3	5	0	1	1
.18711904	1	8	5	6	1	1
1.2566769	1	6	5	7	1	1
-.10512702	0	-9	11	3	1	0
.60989153	1	6	6	8	1	0
.73667663	1	7	4	5	1	0
1.2468376	0	-1	6	5	1	0
.6542781	1	9	3	5	1	0
.32427093	1	7	4	5	1	1
1.4954638	1	14	2	7	1	1
1.8618431	1	19	2	10	1	0
.84941876	1	15	3	9	1	0
.82718974	1	8	4	5	1	0
1.0364429	1	11	4	7	1	0
.86327296	1	12	4	8	1	1
.90864831	1	13	4	9	1	0
1.1283464	1	14	4	9	1	1
.75023645	1	14	4	9	1	1
.72932816	1	13	4	9	1	1
.62249625	1	13	4	10	1	0
1.408317	1	15	4	11	1	1
1.0899665	1	15	4	11	1	1
.82776648	1	15	4	11	1	1
-.20567597	0	-1	5	2	1	0
.59487969	1	0	5	3	1	1
-.17551704	0	-1	5	3	1	1
.43540064	1	6	5	7	1	0
1.810315	1	11	5	10	1	0
1.1846359	1	14	5	11	1	0
.9210366	1	14	5	11	1	0
1.5029283	1	14	5	11	1	0
1.3559936	1	14	5	11	1	1
1.0876168	1	14	5	11	1	0
.97635454	1	14	5	11	1	0
-.010672413	0	-2	6	3	1	0
.36770961	0	-2	6	3	1	1
-.36063656	1	0	6	5	1	0
.31500354	1	1	6	5	1	0
.22090958	1	1	7	7	1	1
.76426882	1	9	4	6	1	0
.82138401	1	11	5	8	1	0
1.895257	1	15	2	7	1	0
1.3081785	1	6	5	7	1	0
.8673104	1	8	5	7	1	1
1.0286965	1	14	3	7	1	0
1.0320588	1	14	3	9	1	1
1.0930345	1	17	3	10	1	1
1.2310318	1	17	3	11	1	0
1.4176291	1	19	3	11	1	1
1.3776935	1	20	3	13	1	1
1.4747649	1	10	4	7	1	1
1.6790277	1	16	4	11	1	0
1.007934	1	16	4	11	1	1
1.1896894	1	15	4	11	1	1
1.9521586	1	9	5	8	1	1
1.3203417	1	16	7	16	1	1
1.1049545	1	15	4	11	1	1
2.3747544	1	15	4	11	1	1
.43353498	1	15	4	11	1	1
.95332921	1	14	5	12	1	0
1.5176725	1	16	3	9	1	1
.39022872	1	14	4	11	1	1
.75258636	1	15	4	11	1	0
.28129849	1	0	6	5	1	1
1.4870758	0	-3	7	3	1	0
1.4116729	1	14	3	9	1	1
1.1268305	1	15	4	11	1	0
1.3886349	1	16	4	11	1	1
.6941002	1	11	5	9	1	1
1.4619893	1	4	4	3	1	0
1.0294912	1	15	4	11	1	1
.7802009	1	14	4	9	1	0
.77229369	1	13	5	11	1	1
-.0038309274	0	-2	4	6	0	1
.9640379	1	15	3	9	1	0
.86224085	1	12	2	11	0	1
.96067399	1	11	3	6	1	0
1.5180254	1	14	3	8	1	0
1.0992538	1	15	3	9	1	0
.51968479	1	9	4	6	1	1
.94752187	1	12	4	8	1	1
.97064763	1	12	4	8	1	1
.41255158	1	11	4	8	1	1
.69344491	1	15	4	11	1	0
2.628242	1	16	4	11	1	1
1.1639311	1	15	4	11	1	0
1.4910432	1	15	4	11	1	0
1.5433711	1	16	4	11	1	1
1.5262067	1	15	4	11	1	1
.87822974	1	9	5	8	1	1
.93406647	1	9	5	8	1	1
.52840805	1	12	5	10	1	1
.64202875	1	14	5	11	1	1
.40236267	1	0	6	5	1	1
.22262864	0	-1	6	5	1	1
.72639728	1	4	6	7	1	0
1.1421862	1	12	6	11	1	0
.78691334	1	12	6	11	1	1
2.2207906	1	12	6	12	1	1
-.27745897	0	-8	11	5	1	0
1.7980944	1	19	2	11	1	0
.054919504	0	-7	7	0	1	0
.77304947	1	0	5	3	1	0
1.309059	1	14	4	9	1	0
1.1417122	1	15	4	11	1	0
1.2943368	1	16	4	11	1	1
.32061273	1	16	4	11	1	1
2.8649526	1	16	4	11	1	1
.34622902	1	5	5	5	1	0
.58808708	1	0	6	5	1	1
.12550226	0	-4	9	4	1	1
-.13244526	0	-7	12	7	1	0
.57599586	1	8	5	6	1	0
1.7809676	1	13	2	6	1	0
1.0439626	1	14	5	11	1	1
1.1493938	1	1	4	2	1	0
.53747171	1	8	4	5	1	0
.31139404	1	1	7	7	1	0
-.099034488	0	-10	11	7	0	0
.89643025	1	12	5	9	1	0
1.1201786	1	11	7	11	1	1
1.5714616	1	9	4	7	1	1
.68904835	1	12	4	8	1	1
.25066072	1	1	6	5	1	1
.85602313	1	11	3	5	1	0
.67528027	1	11	3	5	1	1
1.0651128	1	16	3	9	1	0
1.4928828	1	16	3	11	1	0
1.5020801	1	16	3	11	1	1
.20434237	1	2	4	4	1	1
.47084677	1	8	4	5	1	0
.45122376	1	10	4	6	1	0
1.1789341	1	9	4	6	1	1
.40215003	1	16	4	11	1	0
1.6555871	1	16	4	11	1	1
1.807017	1	16	4	12	1	0
.87088877	1	13	5	11	1	1
.035795573	0	-7	6	5	0	1
.93435186	1	0	6	5	1	0
.96181166	0	-1	7	5	1	1
.74556392	1	9	7	11	1	1
.58495009	1	9	7	11	1	0
.21167062	0	-8	8	5	0	1
-.84952354	0	-10	9	1	0	0
1.9100721	1	16	4	11	1	0
.72329563	1	2	4	11	0	0
.3904998	1	2	5	5	1	1
.59148937	1	3	5	5	1	1
1.6741282	1	2	5	5	1	0
.77159882	1	3	5	5	1	1
1.6593366	1	4	5	5	1	0
1.5721961	1	5	5	5	1	0
1.6557857	1	17	2	9	1	0
1.7598829	1	5	5	5	1	1
.58011049	1	5	5	5	1	0
.53687525	1	2	5	5	1	0
2.1705072	1	15	4	11	1	0
.32745627	1	0	6	6	1	0
.92980635	1	13	4	9	1	0
1.79568	1	12	4	10	1	1
1.2725542	1	15	4	11	1	0
.57954115	0	-3	5	1	1	0
-.23721546	1	0	5	3	1	0
.75975597	1	12	5	9	1	0
.84635442	1	14	5	11	1	1
.2302928	0	-7	6	5	0	1
.43787688	1	0	6	5	1	0
-.30032504	0	-6	7	0	1	1
.35516506	0	-2	9	9	1	0
.21956867	0	-8	10	4	1	0
1.8974422	1	14	5	11	1	0
2.147682	1	8	4	5	1	1
1.2663758	1	16	3	10	1	1
.70426029	1	16	3	11	1	1
2.152065	1	16	3	11	1	0
1.1563115	1	16	3	11	1	1
1.3230473	1	18	3	11	1	1
.54255605	1	18	3	11	1	1
1.4982747	1	16	3	11	1	0
.81263632	1	16	3	11	1	1
.7466926	1	17	3	11	1	1
1.1065329	1	18	3	11	1	0
.77382886	0	-1	4	0	1	0
1.3394735	0	-1	4	1	1	1
.29102862	0	-4	4	5	0	0
1.4111227	1	8	4	5	1	1
1.1355896	1	8	4	5	1	1
-.29571587	1	12	4	9	1	0
1.5255349	1	16	4	11	1	1
.88904834	1	15	4	11	1	1
.8439979	1	14	4	11	1	0
.8589294	1	16	4	12	1	0
.54161608	1	2	5	5	1	0
.33292636	1	9	5	7	1	0
.66490835	1	6	5	7	1	1
1.590798	1	13	5	11	1	0
2.9276273	1	13	5	11	1	1
.18655863	0	-2	7	5	1	1
.049117215	0	-10	10	4	0	0
.35378942	1	12	6	11	1	1
1.1910907	1	16	3	11	1	0
1.0241835	1	14	5	11	1	0
.996602	1	12	5	10	1	1
1.2037839	1	16	3	11	1	0
.076702595	0	-9	12	5	1	0
.47593781	1	2	4	3	1	1
.84744352	1	13	4	10	1	1
.51973051	1	2	4	11	0	0
.35742962	1	5	5	5	1	1
1.2889574	1	12	5	9	1	0
1.1265234	1	14	5	11	1	0
.72148526	1	8	6	9	1	0
.21584813	0	-4	7	1	1	0
1.0772023	1	9	3	4	1	0
1.121232	1	20	2	13	1	1
.53263849	1	10	6	10	1	1
.17101109	1	14	2	8	1	1
.92589962	1	15	3	9	1	0
.93838149	1	15	3	9	1	1
.65419084	1	15	4	11	1	1
.76033223	1	15	4	11	1	1
.49612996	1	15	4	11	1	1
1.0684503	1	15	4	11	1	1
1.0750426	1	16	4	11	1	1
1.351393	1	15	4	11	1	1
1.0776579	1	14	4	11	1	1
2.6358824	1	14	4	11	1	0
1.4380302	1	15	4	11	1	0
1.0790695	1	16	4	11	1	1
.64299738	1	9	4	13	0	1
.64649856	1	4	5	5	1	1
.41885543	1	2	5	5	1	1
.97761315	1	2	5	5	1	1
1.4043221	1	14	5	11	1	1
-.17195846	0	-5	6	0	1	1
.30294716	0	-2	6	3	1	0
1.5073911	1	0	6	6	1	0
-.039751817	1	2	7	8	1	0
1.3021944	1	9	7	11	1	0
.23345715	0	-4	10	7	1	1
.18901616	0	-6	10	7	1	0
2.6095202	1	16	3	11	1	0
1.732546	1	14	4	9	1	0
.73135549	0	-7	7	0	1	0
2.5734975	1	18	3	11	1	1
.79299146	1	11	3	6	1	0
.36042985	0	-1	10	11	1	1
.73791242	0	-2	9	7	1	1
.30709541	1	19	2	10	1	1
1.0556242	1	16	3	10	1	1
1.2066029	1	17	3	11	1	1
.95154631	1	16	3	11	1	0
.81650943	1	16	3	11	1	1
.59030324	0	-2	4	6	0	0
.65294629	1	10	4	6	1	0
.35363296	1	14	4	9	1	0
.056077786	1	16	4	11	1	0
.1844646	0	-3	7	3	1	1
.90583569	1	9	7	11	1	1
-.092289895	0	-3	8	5	1	1
-.17118531	0	-9	12	5	1	1
1.1358513	1	15	3	9	1	1
.88709241	1	17	3	11	1	0
1.0580902	1	17	3	11	1	0
1.0343312	1	15	4	11	1	1
1.5249782	1	17	3	11	1	0
.72859186	1	17	3	11	1	0
.95734286	1	17	3	11	1	0
1.2077731	1	16	3	11	1	0
1.2146267	1	17	3	11	1	1
.81492013	1	17	3	11	1	1
1.5192724	1	17	3	11	1	1
1.5697948	1	8	4	5	1	1
1.2430005	1	16	5	14	1	1
2.0062311	1	17	3	11	1	0
2.0482745	1	16	3	11	1	0
1.128794	1	17	3	11	1	0
.34357309	1	5	5	5	1	0
1.0823705	1	12	4	8	1	0
.97224587	1	15	4	11	1	1
1.144612	1	16	4	11	1	1
1.0022753	1	14	5	11	1	1
.78977185	1	15	5	12	1	0
1.8630776	1	16	7	16	1	1
1.1744874	1	12	3	8	1	1
1.3734106	1	16	2	9	1	0
1.9760829	1	18	3	11	1	1
1.7993501	0	-1	7	5	1	0
1.9746134	1	16	2	9	1	1
.16538765	1	9	3	5	1	0
.75646275	1	14	3	7	1	1
1.056366	1	14	3	8	1	1
1.0528847	1	13	3	8	1	0
1.1644151	1	14	3	8	1	1
.91986591	1	14	3	8	1	0
.82130945	1	14	3	8	1	0
-.052163787	1	14	3	8	1	0
2.7379379	1	17	3	11	1	0
1.1579182	1	17	3	11	1	1
2.3614442	1	16	3	11	1	0
1.2241439	1	16	3	11	1	1
.29632553	1	2	4	4	1	1
1.122032	1	14	4	9	1	1
1.2649989	1	14	4	9	1	1
1.4371587	1	12	4	10	1	0
1.0095128	1	14	4	10	1	1
1.8755862	1	15	4	11	1	0
2.1719997	1	15	4	11	1	1
1.1655481	1	17	4	12	1	1
1.2879972	1	18	4	13	1	0
2.4654813	1	10	5	8	1	0
2.2518969	1	12	5	9	1	1
.88669538	1	13	5	11	1	1
2.191385	1	13	5	11	1	0
.92653227	1	14	5	11	1	1
.81632054	1	14	5	11	1	1
.78122747	1	13	5	11	1	0
2.0475404	1	14	5	11	1	0
1.1256301	1	13	5	11	1	0
1.9373775	1	14	5	11	1	1
.99165845	1	14	5	11	1	1
.67248774	1	8	6	8	1	0
.51406795	0	-8	7	5	0	1
.50595802	0	-1	7	6	1	1
-.20822859	0	-1	7	7	1	1
.29871407	0	-1	7	7	1	0
.080322459	0	-6	11	6	1	1
.42287853	1	11	3	5	1	0
1.9260471	1	16	3	10	1	0
1.1053816	1	17	3	10	1	0
.68933475	1	16	3	11	1	1
.8188349	1	17	3	11	1	1
1.5220954	1	17	3	11	1	1
1.4297889	1	17	3	11	1	1
1.1465085	1	17	3	11	1	1
1.1263431	1	17	3	11	1	1
.71799171	1	6	4	5	1	1
1.952046	1	10	4	6	1	0
.7598123	1	9	4	7	1	1
1.0492316	1	16	4	11	1	1
.8608582	1	8	5	7	1	0
.68773115	1	13	5	11	1	0
1.1479807	1	16	4	11	1	0
1.8800569	1	15	3	9	1	0
-.59823614	1	2	5	5	1	0
1.9537777	1	16	4	11	1	1
2.1168466	1	16	4	11	1	0
1.2477908	1	14	5	11	1	1
.12769531	1	9	3	5	1	0
.98060727	1	14	2	8	1	1
.59242696	1	6	3	3	1	1
1.1700063	1	11	3	5	1	1
1.4775481	1	12	3	6	1	1
1.341723	1	17	3	11	1	1
1.2498085	0	-1	4	0	1	1
.76441103	1	6	4	5	1	0
.85074234	1	8	4	5	1	1
2.2124839	1	9	4	6	1	1
3.1040285	1	12	4	8	1	1
1.2848333	1	16	4	11	1	0
.46449396	1	9	5	7	1	1
.65590811	1	9	6	8	1	1
.71839529	1	11	6	11	1	0
.37633976	0	-1	7	5	1	0
.55042672	0	-1	10	11	1	0
-.26533961	0	-9	12	5	1	1
.59614563	1	6	5	7	1	1
1.1620013	1	12	3	6	1	1
1.439684	1	16	3	11	1	1
1.7122294	1	2	4	4	1	0
.43128428	1	7	4	5	1	1
-.36014402	1	2	4	11	0	1
1.2929902	1	16	4	11	1	0
2.140805	1	15	4	11	1	1
.25050601	1	16	4	11	1	0
.89436531	1	14	5	11	1	0
2.1716676	1	16	3	10	1	1
.42394868	1	1	6	5	1	0
1.9265467	0	-1	8	8	1	0
1.1888348	1	4	5	5	1	0
1.4605937	1	16	5	14	1	1
.91715133	1	13	6	13	1	0
.35424	0	-2	5	0	1	1
.3115086	0	-1	7	5	1	1
2.5008974	1	19	2	10	1	1
1.7982078	1	19	2	10	1	1
1.888044	1	19	2	11	1	0
2.0971677	1	6	3	3	1	1
-.18156737	1	14	3	7	1	0
.98889828	1	16	3	10	1	0
.84456104	1	17	3	11	1	1
1.0473866	1	16	3	11	1	0
-.010329572	1	18	3	11	1	0
1.3875456	1	19	3	11	1	1
-.31651306	1	6	4	5	1	1
1.5389705	1	8	4	5	1	0
2.0517678	1	10	4	7	1	0
.75361359	1	10	4	7	1	1
3.0606956	1	15	4	11	1	1
.5563159	1	9	5	8	1	1
.22856875	1	9	5	8	1	0
.13945505	1	9	5	8	1	1
1.0779574	1	14	5	11	1	0
.96909863	1	1	6	13	0	0
.91221583	1	11	7	11	1	1
1.4922723	1	18	3	11	1	0
1.6381512	1	14	4	10	1	0
1.7192565	1	9	3	5	1	0
1.4513108	1	14	3	8	1	1
.34393421	1	15	4	11	1	0
-.053918436	1	14	5	11	1	1
2.168577	1	1	6	5	1	0
1.6705589	1	14	2	6	1	1
2.5160737	1	19	2	11	1	0
1.6290387	1	18	3	10	1	0
1.0863675	1	16	3	11	1	1
1.06621	1	17	3	11	1	1
.67903954	1	16	3	11	1	0
1.0767586	1	16	3	11	1	0
1.2924247	1	16	3	11	1	0
2.2674296	1	16	3	11	1	0
1.2565432	1	17	3	11	1	0
1.2498914	1	17	3	11	1	1
1.2275728	1	17	3	11	1	0
.47841662	1	18	3	11	1	0
1.1378176	1	17	3	11	1	1
1.0417409	1	17	3	11	1	0
1.2163286	1	17	3	11	1	1
.94445509	1	16	3	11	1	1
1.8501101	1	8	4	5	1	0
2.1104593	1	17	4	12	1	0
.17029071	0	-2	5	0	1	0
.89184493	1	14	5	11	1	1
1.4536746	1	16	5	14	1	1
.68349916	1	9	4	7	1	1
1.3290007	1	19	4	14	1	0
.48489997	0	-3	8	5	1	1
1.1683024	1	17	3	11	1	0
.82356602	1	19	2	11	1	1
1.0863693	1	19	2	11	1	0
2.3896823	1	19	2	11	1	0
1.5045947	1	19	2	11	1	1
.89864796	1	9	3	5	1	0
1.8046627	1	16	3	9	1	0
.023198342	1	8	4	5	1	1
.64498472	1	4	4	11	0	0
1.1766694	1	15	4	11	1	0
.88902217	1	15	4	11	1	1
.89323556	1	15	4	11	1	1
.13789402	0	-2	6	3	1	1
.74207133	0	-1	6	4	1	1
1.3960427	1	11	6	11	1	1
-.21511637	1	12	6	11	1	0
1.3194019	0	-1	7	5	1	0
.54524022	0	-4	7	3	1	0
.60003018	0	-1	5	2	1	1
.78045493	1	10	7	11	1	0
1.7719465	1	18	3	10	1	1
.48015961	0	-3	8	5	1	1
1.183264	1	5	6	7	1	0
2.2302887	1	19	2	11	1	0
.50860435	1	19	2	11	1	1
.93257564	1	15	3	9	1	1
1.0926815	1	15	3	9	1	1
.41701931	1	17	3	11	1	0
.72461176	1	17	3	11	1	0
.69075376	1	7	4	5	1	1
1.3691877	1	8	4	5	1	0
.7612232	1	15	4	11	1	1
1.491637	1	15	4	11	1	1
1.3586782	1	16	4	11	1	0
1.6594976	1	15	4	11	1	0
2.0958753	1	15	4	11	1	0
1.1680797	1	15	4	11	1	1
-.26588339	1	16	4	11	1	1
1.2549944	1	15	4	11	1	1
1.0669582	1	16	4	11	1	0
1.7072016	1	15	4	11	1	0
.83401215	1	15	4	11	1	1
-.076945662	0	-1	5	2	1	1
.75243449	1	0	5	4	1	0
-.36631289	1	4	5	5	1	0
.79561472	1	15	5	13	1	0
.54360747	1	0	6	5	1	1
.29022083	0	-3	8	11	0	1
1.8170712	1	18	3	11	1	0
1.0719388	1	11	3	5	1	0
-.104841	1	4	4	4	1	1
2.3378735	1	15	3	9	1	1
1.0256194	1	14	5	11	1	1
1.627333	1	8	6	9	1	1
1.117879	1	19	2	10	1	0
2.7118294	1	19	2	11	1	0
2.2021837	1	19	2	11	1	1
1.4329146	1	17	3	10	1	0
2.5943923	1	17	3	11	1	1
1.4699684	1	8	4	5	1	0
.53404415	1	1	9	11	1	0
2.3772247	1	16	3	10	1	0
.63570344	0	-1	7	5	1	1
1.5229744	1	0	6	13	0	1
1.5685742	1	14	2	6	1	1
.77696466	1	11	3	4	1	1
2.8220103	1	14	3	8	1	1
1.0535641	1	16	3	9	1	0
1.4587685	1	9	4	7	1	0
1.4149841	1	14	4	10	1	0
.43835405	1	14	4	11	1	0
.86927611	1	0	5	3	1	0
1.7166549	1	13	5	11	1	1
1.3866503	1	14	5	11	1	1
.95168763	1	13	5	11	1	1
.71749157	1	5	6	7	1	1
1.2591268	0	-2	7	4	1	0
.8190496	1	2	4	3	1	0
1.0722866	1	11	4	8	1	0
.78592676	1	9	3	5	1	1
.62678999	1	9	4	6	1	0
3.0302756	1	9	4	14	0	1
1.3865997	1	18	4	12	1	1
.76244915	1	19	2	11	1	0
1.218143	1	17	3	11	1	1
1.5414327	1	16	3	11	1	0
1.7736709	1	16	3	11	1	1
1.5152553	1	17	3	11	1	0
2.4174404	1	8	5	6	1	1
-.17082749	1	11	5	9	1	1
.63516599	1	8	6	9	1	1
.88019913	1	9	7	11	1	0
.47693497	0	-1	10	11	1	1
.74892783	1	6	4	5	1	0
.095005594	1	14	4	11	1	0
2.2257161	1	15	4	11	1	0
-.0022167561	1	1	6	6	1	1
1.0055343	1	4	5	5	1	1
.60917515	0	-10	11	5	0	1
.89454472	1	10	3	5	1	1
.63506198	1	10	5	8	1	0
.51921588	1	0	6	5	1	0
.28036433	0	-1	6	5	1	1
1.3804556	1	15	4	11	1	0
1.0270153	1	19	2	11	1	0
1.1149951	1	17	3	11	1	0
1.1983335	1	17	3	11	1	1
1.7680765	1	20	3	13	1	1
.37336504	1	7	4	5	1	0
1.0756414	1	9	4	6	1	0
1.1226528	1	11	4	8	1	0
.72080648	1	11	4	8	1	0
1.0339798	1	12	4	8	1	0
1.0930902	1	10	4	13	0	1
.72347564	1	20	4	16	1	1
.71884704	1	12	5	9	1	1
.042071264	1	13	5	11	1	0
1.103302	1	15	5	12	1	1
.28372318	1	19	5	15	1	1
.55058229	1	6	6	9	1	1
.7098794	1	12	6	11	1	0
.44017974	0	-2	11	11	1	0
.40485969	1	4	6	7	1	0
.62677753	1	10	4	6	1	0
1.2109231	1	16	3	9	1	0
1.1622815	1	17	3	11	1	0
.16376939	0	-9	11	4	1	0
.25279954	1	14	4	11	1	1
3.2494075	1	9	3	5	1	1
.87577677	1	16	3	11	1	0
.4953258	1	2	5	5	1	1
1.3058889	1	2	5	5	1	0
.89734155	1	14	5	11	1	0
1.1053095	1	6	4	5	1	1
1.2529296	1	19	2	11	1	1
1.2019237	1	19	2	11	1	1
1.528846	1	9	3	5	1	1
1.0569991	1	9	3	5	1	1
1.1563042	1	17	3	11	1	0
1.2169746	1	14	4	11	1	0
1.1597551	1	15	4	11	1	1
1.4974706	1	19	4	14	1	0
1.1891326	1	6	5	7	1	0
2.5537999	1	10	5	8	1	1
.57573199	1	14	5	11	1	1
.38282272	0	-2	6	3	1	0
1.490236	1	10	7	11	1	0
.19427942	1	4	6	7	1	1
1.2849802	1	18	3	11	1	0
1.4077001	1	20	3	14	1	0
1.6364497	0	-8	5	2	0	1
.6304307	0	-1	7	5	1	0
-.53224957	0	-10	12	1	1	1
1.8650974	1	20	3	13	1	0
1.0301358	1	20	4	15	1	0
1.6626354	1	20	3	13	1	1
1.4878465	1	14	5	11	1	1
1.5507421	1	19	3	12	1	1
1.1512964	1	10	7	11	1	1
1.1701173	1	12	5	9	1	1
.56173313	0	-2	4	0	1	0
.52833503	1	9	4	6	1	0
.80959421	1	10	4	7	1	1
1.3765327	1	9	3	4	1	1
1.3305449	1	17	3	10	1	1
.37768927	1	8	3	11	0	1
.88994163	1	17	3	11	1	1
.97491515	1	17	3	11	1	0
.48210528	1	17	3	11	1	0
1.5243845	1	17	3	11	1	0
1.6621044	1	17	3	11	1	1
1.1003652	1	17	3	11	1	1
1.2223893	1	17	3	11	1	1
1.4587982	1	18	3	11	1	1
2.62553	1	18	3	11	1	1
1.481707	1	18	3	11	1	0
1.1897296	1	16	3	11	1	1
.53053409	1	16	3	11	1	0
1.6221339	1	16	3	11	1	0
.9177013	1	16	3	11	1	0
1.3229713	1	18	3	11	1	0
.87875372	1	8	4	5	1	1
1.6529644	1	6	4	5	1	0
-.056325115	1	6	4	5	1	1
.87496036	1	11	4	7	1	0
1.1654295	1	14	4	9	1	1
.90971226	1	14	4	10	1	0
.79319632	1	15	4	11	1	0
1.0660614	1	15	4	11	1	1
1.1076697	1	16	4	12	1	0
1.3515903	1	16	4	12	1	1
1.4527242	1	20	4	15	1	1
.72839564	1	8	5	6	1	0
.83108747	1	12	5	9	1	0
1.1777107	1	14	5	11	1	0
1.0859382	1	14	5	11	1	0
2.2017586	1	7	6	8	1	0
1.053363	1	8	6	9	1	1
.78614998	1	9	6	10	1	1
1.0516959	0	-3	5	0	1	1
1.3933626	1	15	4	11	1	1
1.6751043	1	14	3	8	1	1
1.3551559	1	16	4	11	1	0
1.1817154	1	16	3	11	1	1
1.0901794	1	15	4	11	1	1
1.5881759	1	19	4	14	1	1
.49545792	1	13	5	11	1	0
.14559954	0	-3	9	8	1	0
.95345849	1	12	4	8	1	1
1.7515337	1	19	2	11	1	0
.72969902	1	5	5	5	1	0
.80922139	1	6	4	5	1	0
.63004303	1	3	5	5	1	0
1.3715121	1	12	3	6	1	0
.806099	1	19	3	11	1	0
2.0278637	1	16	3	11	1	0
.74211895	1	6	4	5	1	0
.75367004	1	6	4	5	1	1
.5477336	1	12	4	8	1	0
1.3659068	1	14	4	9	1	0
.95469636	1	15	4	11	1	1
.13720594	1	16	4	11	1	0
1.3825815	1	16	4	11	1	0
1.6509658	1	15	4	11	1	1
1.3675289	1	16	4	11	1	1
1.0644253	1	16	4	11	1	0
1.2696196	1	15	4	11	1	1
.98929459	1	16	4	11	1	0
1.1242502	1	11	5	9	1	1
.65598971	1	11	5	9	1	0
.98058182	1	12	5	10	1	1
.85626376	1	13	5	11	1	0
1.09044	1	4	8	11	1	0
.9964819	1	6	4	5	1	0
.66979587	1	12	6	11	1	1
1.7978104	1	19	2	11	1	0
.6048314	1	9	3	5	1	1
.98845363	1	17	3	11	1	1
1.8937482	0	-3	5	0	1	0
.72892219	1	9	4	5	1	0
1.7858914	1	18	3	11	1	1
1.6346778	1	8	4	5	1	1
.75725907	1	0	5	3	1	1
.80299455	1	10	4	6	1	0
2.3279669	1	11	4	7	1	0
1.1295494	1	19	2	11	1	1
.69695723	1	10	3	5	1	1
2.8265235	1	14	3	7	1	0
.74801177	1	13	3	8	1	0
1.7492152	1	16	3	11	1	0
1.7730122	1	9	4	7	1	0
.88905418	1	9	4	7	1	0
.84801763	1	11	4	7	1	1
.94303828	1	14	4	9	1	1
1.8424584	1	16	4	11	1	0
1.7142416	1	13	5	11	1	1
.99179924	1	14	5	11	1	0
1.1084641	1	14	5	11	1	1
.70144993	1	11	5	8	1	0
.22887318	1	11	4	8	1	0
2.284349	1	16	3	11	1	1
1.3737206	1	19	3	12	1	1
1.8856728	1	19	3	14	1	1
1.1497085	1	16	4	11	1	1
.15589161	0	-2	5	0	1	1
.57517081	0	-1	7	5	1	1
.68628061	0	-1	7	5	1	1
.4305467	0	-1	9	9	1	0
.82783347	0	-9	9	0	1	1
.67865545	1	2	4	4	1	0
.17597124	1	8	4	5	1	1
-.34789973	0	-8	11	13	0	0
-.033092823	0	-8	11	13	0	0
.70322388	1	8	4	5	1	1
2.3173437	0	-1	4	0	1	1
1.2539136	1	16	3	9	1	0
1.711009	1	16	3	11	1	1
1.2146021	1	15	4	11	1	1
1.2086309	1	20	4	15	1	0
1.1845576	1	20	4	16	1	0
1.0337833	1	12	5	9	1	1
.24715458	1	2	6	7	1	0
.42819223	1	12	6	11	1	0
.45523548	1	12	6	11	1	0
1.0307137	1	16	4	11	1	0
1.1280953	1	14	4	11	1	0
.30130416	1	12	5	10	1	1
.16041926	0	-5	9	5	1	1
-.044424418	0	-7	9	11	0	0
.32845223	1	14	5	11	1	1
2.502773	1	14	3	8	1	1
.79574496	1	13	5	11	1	0
1.3684219	1	16	3	11	1	1
.45073572	1	14	4	9	1	1
1.406714	1	20	3	13	1	1
.57099396	1	0	6	5	1	0
1.0419984	1	0	6	5	1	0
2.2051489	1	19	2	11	1	1
.77929556	1	10	3	5	1	0
.97682273	1	14	3	8	1	0
1.4589236	1	16	3	11	1	1
1.0118216	1	17	3	11	1	0
1.352304	1	19	3	12	1	0
.53372264	1	6	4	5	1	1
1.9995202	1	17	4	12	1	1
.96300679	1	16	4	12	1	0
1.2072315	1	19	4	14	1	0
1.1785579	1	8	6	8	1	0
-1.2673563	0	-7	7	5	0	0
.50834274	1	2	7	9	1	0
2.7838068	1	20	2	13	1	1
2.2523544	1	16	3	11	1	0
.80338019	1	8	4	5	1	1
.78460795	1	12	4	8	1	0
1.3930848	1	16	4	11	1	0
.64122164	1	12	5	10	1	0
1.1366719	1	14	5	11	1	1
-.25219965	1	12	6	11	1	1
1.7607927	1	12	4	8	1	1
.043507516	0	-3	7	3	1	0
1.3059331	1	7	3	3	1	1
1.1741836	1	14	3	7	1	1
.39340279	1	14	3	7	1	1
2.4753723	1	14	3	7	1	0
1.311209	1	17	3	11	1	0
1.2471021	1	16	3	11	1	0
1.1102479	1	17	3	11	1	0
1.2253059	1	17	3	11	1	1
1.4252132	1	20	3	14	1	0
1.4058708	1	8	4	5	1	1
-.21344823	1	14	4	10	1	1
1.2879455	1	14	4	10	1	1
1.7420371	1	20	4	15	1	1
1.0401617	1	6	5	7	1	1
.34131113	1	12	5	10	1	1
.65670568	1	14	5	11	1	0
.80537689	1	14	5	11	1	1
1.2232023	0	-4	4	4	0	1
1.4439795	1	14	4	11	1	0
.81960195	1	1	5	4	1	1
1.2034143	1	14	3	8	1	1
1.7045273	1	14	4	9	1	0
.73997211	1	14	4	9	1	1
1.0945187	1	14	5	11	1	0
1.079082	1	14	5	11	1	0
1.2261043	1	14	5	11	1	0
.68827718	1	13	4	9	1	0
.81073141	1	13	4	9	1	1
1.5030203	1	17	3	11	1	0
.60171205	1	11	4	8	1	0
1.4404341	1	20	4	16	1	1
1.2122918	1	15	4	11	1	1
.10972865	0	-3	8	5	1	0
.11091729	1	13	5	11	1	0
.58147007	1	14	3	8	1	0
.75267476	1	16	3	11	1	0
.97317666	1	17	3	11	1	1
.70285267	1	4	4	3	1	0
2.2350464	1	8	4	5	1	0
2.0507438	1	14	4	9	1	0
.59628421	1	14	4	10	1	0
1.104067	1	15	4	11	1	1
1.7928559	1	16	4	11	1	1
1.2536538	1	15	4	11	1	0
1.4654111	1	15	4	11	1	1
1.092872	1	15	4	11	1	0
-.49700186	1	1	5	3	1	0
.36116999	1	2	5	5	1	1
.68937165	1	2	5	5	1	0
2.070281	1	14	5	11	1	1
.40833813	0	-4	6	0	1	0
.025340181	0	-6	9	3	1	0
.569148	1	12	6	11	1	0
1.8219256	1	2	5	5	1	1
-.87979698	1	0	6	5	1	1
2.2806051	1	20	3	13	1	1
.11905562	1	2	5	5	1	1
.98777872	1	8	9	13	1	0
.95583898	1	14	3	7	1	1
2.2542837	1	19	2	10	1	0
2.5442715	1	12	4	8	1	0
1.5653585	1	15	4	11	1	0
2.5440795	1	19	4	14	1	0
-.18932842	1	16	3	11	1	0
.96324116	1	16	4	11	1	1
.98895556	1	7	4	5	1	1
-.079534926	0	-10	11	0	0	1
1.128278	1	17	3	11	1	1
1.3214016	1	14	4	10	1	0
1.6562154	1	7	5	6	1	0
.86889589	1	14	5	11	1	0
.67064589	1	0	6	5	1	0
.28195244	1	0	6	5	1	0
-.37837723	1	9	7	11	1	0
-.10957532	0	-8	8	5	0	0
.063014925	0	-3	8	4	1	0
.75553626	1	12	4	8	1	1
.99720073	1	16	3	11	1	0
1.1525936	1	17	3	11	1	1
.81805634	1	14	4	9	1	1
1.4898013	1	18	4	12	1	1
2.019491	1	14	5	11	1	1
1.1837282	1	15	4	11	1	0
1.1984165	1	15	4	11	1	1
1.2198286	1	11	5	9	1	1
.15233931	1	9	3	5	1	1
.94121444	1	15	3	9	1	0
1.7967316	1	20	3	13	1	1
.35535002	1	9	4	5	1	0
1.289624	1	9	4	6	1	0
.76114035	1	15	4	11	1	0
1.2736127	1	19	4	16	1	1
.96161848	1	12	5	9	1	0
1.4295416	1	14	5	11	1	1
1.2364763	1	18	6	16	1	1
.46191913	0	-1	7	5	1	1
.55457419	0	-1	7	5	1	0
.45805171	1	4	8	10	1	1
.90404081	1	4	5	5	1	1
.89257574	1	2	5	5	1	1
.66221124	1	2	7	9	1	1
1.8229963	1	4	7	9	1	0
-.44346535	1	4	4	3	1	0
1.068182	1	7	3	11	0	0
1.3384409	1	16	3	11	1	0
1.0481868	1	15	4	11	1	0
2.0832164	1	20	4	15	1	0
.6561501	1	11	5	8	1	1
.77133638	0	-8	7	5	0	0
.79999566	1	14	4	9	1	1
3.4781802	1	17	3	10	1	1
1.4132664	1	14	3	9	1	0
2.7553394	1	14	4	10	1	0
2.1279159	1	15	4	11	1	1
1.6920025	1	14	4	11	1	1
1.0302835	1	16	4	11	1	0
1.1799216	1	9	5	8	1	1
.80857688	1	10	5	8	1	0
.60567313	1	9	5	8	1	1
.7442044	1	12	6	11	1	1
.38473141	0	-1	7	5	1	0
1.7271819	1	15	4	11	1	1
.97219378	1	3	5	5	1	0
1.5721365	1	16	6	16	1	1
.14986089	0	-9	13	5	1	0
1.3207787	1	16	3	9	1	0
1.1097641	1	16	4	11	1	0
1.5739315	1	15	4	11	1	1
1.4046922	1	13	5	11	1	1
1.0727367	1	15	4	11	1	1
.82647699	1	16	4	11	1	0
1.1157777	1	15	4	11	1	1
1.9870209	1	15	4	11	1	0
1.295239	1	20	2	13	1	0
1.8111544	1	11	3	6	1	0
.68763483	1	14	3	8	1	1
1.1602561	1	20	3	16	1	1
1.9153026	1	14	5	11	1	0
.98108035	1	12	6	11	1	1
.23255195	0	-3	7	2	1	1
.3185977	0	-1	7	7	1	0
.79428357	0	-8	8	0	1	0
.77775645	1	12	4	8	1	0
.15579417	0	-1	7	5	1	0
1.2318279	0	-1	7	5	1	0
.64380038	1	6	3	3	1	1
1.7673851	1	15	3	9	1	1
.74112791	1	17	3	11	1	0
1.1724428	1	18	3	11	1	1
.29184175	1	6	4	5	1	0
.25660366	1	8	4	5	1	1
.48183924	1	6	4	5	1	1
.99100292	1	15	4	11	1	1
1.2823957	1	17	4	13	1	1
1.5773388	1	17	4	13	1	0
.72158372	1	6	5	7	1	1
.35815972	1	0	6	5	1	0
2.2074821	0	-1	6	6	1	1
-.62684542	1	4	6	7	1	0
1.0730274	1	7	6	8	1	0
.8169387	1	8	6	9	1	0
.9498679	1	8	6	9	1	1
2.0137303	1	12	6	11	1	1
.20996529	0	-1	7	5	1	1
2.0700681	1	16	4	11	1	1
2.5648727	1	15	4	11	1	1
.38273123	1	1	7	9	1	0
.8368572	1	18	3	11	1	1
.98909473	1	20	3	14	1	0
-.070129752	0	-7	5	1	0	1
2.4177577	1	4	5	5	1	1
1.0427055	1	13	5	11	1	1
1.1125493	1	16	5	13	1	0
.7298072	0	-1	6	4	1	1
.77738786	1	17	6	16	1	0
.89604241	1	13	4	9	1	0
.54868323	1	9	3	5	1	1
.76608074	0	-10	13	2	1	0
1.2580079	1	16	3	11	1	0
1.2577714	1	16	3	11	1	1
.77824926	1	9	7	11	1	0
.89049762	1	4	5	5	1	0
.81531656	1	16	3	9	1	0
.93576342	1	16	3	11	1	0
1.8481025	1	20	3	16	1	0
1.0097996	1	13	4	9	1	0
-.071659014	1	15	4	11	1	0
1.2344722	1	15	4	11	1	0
2.7652669	1	15	4	11	1	1
1.2599179	1	15	4	11	1	0
1.2643096	1	16	4	11	1	0
2.2639303	1	16	4	11	1	0
1.2798173	1	5	5	5	1	1
-1.2994145	0	-3	8	5	1	1
.68736601	1	0	10	12	1	1
.48253638	1	11	7	11	1	0
-.073351808	1	9	7	11	1	0
.85943776	1	15	4	11	1	0
1.9273193	1	14	5	11	1	0
2.1430478	1	20	3	14	1	1
-.4637771	0	-1	4	2	1	1
.3321262	1	9	4	7	1	0
1.1330215	1	19	4	14	1	0
-.025389621	1	1	6	5	1	0
1.7699385	1	19	5	16	1	1
1.6144133	1	12	4	8	1	0
1.2576376	1	14	5	11	1	0
.48435819	1	17	3	10	1	1
1.8970189	1	9	3	5	1	1
1.0565103	1	2	4	4	1	1
1.0076194	1	9	4	6	1	1
.79326338	1	18	4	12	1	1
1.2189877	1	12	5	10	1	0
1.6241585	1	13	5	11	1	1
.81301767	1	13	5	11	1	1
.88232112	1	16	5	13	1	0
.17457701	0	-7	6	3	0	0
.73590696	1	17	5	14	1	1
.44452637	1	8	3	3	1	1
1.3075465	1	17	4	12	1	0
.96192157	1	2	5	5	1	0
2.0206275	1	20	3	13	1	0
.078358404	0	-3	6	1	1	1
2.2352092	1	14	3	8	1	0
1.2888923	1	17	3	11	1	1
.54686058	1	15	4	11	1	1
.2818518	1	11	6	11	1	1
.22429444	0	-1	7	5	1	1
2.0900481	1	17	3	11	1	1
.68473506	1	9	3	4	1	0
1.6954504	1	16	3	11	1	0
.7296496	1	17	4	13	1	0
1.9334221	0	-1	8	8	1	0
1.1882751	1	1	6	5	1	0
-.1946179	0	-6	8	3	1	0
1.9471439	1	14	3	7	1	1
2.0579693	1	17	3	11	1	1
1.181048	1	15	4	11	1	1
2.4021251	1	19	4	14	1	0
.82550997	1	9	5	8	1	0
1.3980703	1	17	3	11	1	0
.82108307	1	16	3	11	1	1
1.4161732	1	7	5	7	1	1
.85169369	1	0	5	3	1	0
1.0789403	1	16	3	11	1	0
.17294852	0	-5	8	3	1	1
.81605566	1	8	4	5	1	0
1.6425573	1	15	3	9	1	1
1.9527065	1	17	3	11	1	1
.66321939	1	8	4	5	1	1
2.2459316	1	14	4	9	1	0
.69583577	1	0	5	3	1	1
.71308905	1	6	5	7	1	1
2.5970569	1	14	5	11	1	1
1.5806335	1	19	2	11	1	1
1.1436393	1	17	3	10	1	1
1.1580343	1	16	3	11	1	1
1.0789461	1	17	3	11	1	0
2.3840628	1	18	3	11	1	0
1.4237922	1	18	3	11	1	0
1.0091898	1	15	4	11	1	0
.31129473	1	18	4	12	1	0
.95454037	1	8	5	6	1	0
.27499357	0	-1	6	6	1	1
.54172331	0	-1	6	11	0	1
.2520656	0	-4	7	2	1	0
.93861336	1	1	8	9	1	1
3.4866996	1	12	4	8	1	0
2.0501945	1	16	4	11	1	0
.099263124	0	-9	10	2	1	1
1.9837472	1	15	4	11	1	1
1.8700367	1	15	4	11	1	0
1.1510353	1	15	4	11	1	0
.76656371	1	15	4	11	1	1
1.1115881	1	16	4	11	1	0
.57572496	0	-3	8	4	1	1
2.1606383	0	-1	8	9	1	1
-1.1077737	1	5	4	3	1	1
-.71955448	0	-9	8	3	0	1
.85656446	1	15	4	11	1	1
.83075088	1	16	4	11	1	1
.96266818	1	11	4	6	1	1
1.4482032	1	13	4	10	1	0
1.2230698	1	17	4	13	1	1
.6687814	0	-1	6	5	1	0
2.086287	1	20	3	13	1	1
1.2822479	1	14	3	8	1	1
.93185896	1	13	3	8	1	0
2.6456428	1	17	3	11	1	0
1.2723179	1	16	3	11	1	1
1.4118401	1	13	4	9	1	1
.97014999	1	17	4	13	1	0
1.1889805	1	17	5	14	1	1
.047928195	1	0	6	6	1	0
.92491573	0	-8	10	2	1	0
1.2934256	1	19	4	14	1	0
1.8347907	1	16	3	11	1	0
.87024361	1	16	3	11	1	1
.8698386	1	16	4	11	1	0
.36150485	1	15	4	11	1	1
.37753958	1	9	5	6	1	1
-.93947679	1	14	5	11	1	0
-.12181104	0	-8	5	2	0	1
.88576746	1	0	5	4	1	0
.47179109	1	16	3	11	1	1
.99792147	1	16	3	11	1	1
.80741954	1	11	4	8	1	0
.68529952	1	15	4	11	1	0
.49049604	1	20	4	16	1	1
1.145344	1	14	5	11	1	1
-.32895404	1	16	6	14	1	1
.34541276	1	8	4	12	0	1
.1300678	1	15	4	11	1	1
.33042288	1	16	3	11	1	0
1.4168983	1	17	3	11	1	0
.58031356	1	16	4	11	1	1
1.2313626	1	16	4	11	1	1
.90545428	1	12	6	11	1	1
1.2251985	1	17	3	11	1	1
1.2216977	1	20	3	13	1	1
-.63989556	1	9	7	11	1	1
.95829231	1	9	3	4	1	0
1.258634	1	17	3	11	1	1
1.1656039	1	9	4	7	1	0
1.9995126	1	19	4	14	1	0
2.3833716	1	11	5	10	1	0
-.42197022	1	9	4	7	1	1
1.4300534	1	16	4	11	1	0
.75892246	1	8	4	5	1	0
1.4695024	1	17	4	12	1	1
-.083731525	1	14	5	11	1	1
1.2540692	1	13	5	11	1	1
.96212792	1	12	4	8	1	1
1.0030918	1	15	4	11	1	1
1.1464033	1	17	3	10	1	1
1.0978035	1	17	3	11	1	0
1.0273319	1	17	3	11	1	1
1.7302197	1	19	4	12	1	0
.49121037	1	4	5	5	1	1
.9091419	1	13	5	11	1	0
1.2088805	1	13	5	11	1	1
.520827	0	-2	6	2	1	1
.54209799	0	-2	6	3	1	1
1.053663	1	17	6	16	1	1
-.36869732	0	-10	14	5	1	1
.54930949	1	13	3	8	1	1
1.3265545	1	1	6	5	1	0
1.3470862	1	20	3	13	1	0
1.5434825	1	20	3	14	1	1
1.002019	1	9	4	7	1	1
1.8118224	1	15	4	11	1	0
1.3750958	1	16	4	11	1	0
.61496878	0	-2	8	6	1	0
1.072361	1	14	5	11	1	0
1.1228139	1	18	3	11	1	0
2.743686	1	17	3	11	1	1
.73657078	1	15	4	11	1	0
1.1208413	1	16	4	11	1	1
.50448501	1	2	8	11	1	1
1.7007197	1	16	3	9	1	1
.18549232	0	-2	6	3	1	0
1.4984338	1	17	3	11	1	1
.36564597	0	-4	5	5	0	0
.91793895	1	11	4	6	1	0
-.12833881	1	6	5	6	1	1
1.3280108	1	19	5	16	1	0
-.33799234	0	-10	16	8	1	1
1.1479521	1	16	3	11	1	0
.48806897	1	13	5	11	1	0
1.3946507	1	6	4	5	1	1
1.0384308	1	13	3	7	1	0
2.0669651	1	16	4	11	1	0
1.281734	1	16	4	13	1	1
.89023924	1	9	5	8	1	0
1.0885361	1	14	5	11	1	0
-.11690588	0	-7	6	5	0	0
1.1589919	1	12	6	11	1	0
1.5330883	1	16	3	11	1	1
2.0642567	1	15	4	11	1	1
.9172616	1	15	5	12	1	1
-.52237201	0	-10	10	4	0	1
-.21945959	0	-10	15	6	1	0
1.5383081	1	11	6	11	1	1
1.4527633	1	19	3	14	1	1
1.7991968	1	9	4	7	1	1
.5641579	1	12	4	8	1	1
.79444873	1	15	4	11	1	0
1.9678822	1	16	4	11	1	0
.43442959	1	0	5	3	1	1
1.1535662	1	16	5	14	1	1
.97246695	1	7	6	9	1	0
1.276158	1	11	6	11	1	0
1.0998179	1	11	5	8	1	0
1.1967121	1	20	3	13	1	0
.81916457	1	13	3	7	1	1
1.0172319	1	15	4	11	1	1
1.7186402	1	16	4	11	1	0
1.3023958	1	20	4	15	1	1
1.106679	1	13	5	11	1	1
1.554706	1	19	2	11	1	1
.16494709	1	4	4	3	1	1
.95522612	1	15	4	11	1	0
.44077808	1	14	4	11	1	1
1.6722749	1	15	4	11	1	0
.42941439	1	8	5	6	1	0
.98316693	1	13	5	11	1	0
.89380008	1	9	7	11	1	0
1.4362986	1	11	7	11	1	1
.51115817	0	-2	8	6	1	1
1.9267493	1	14	3	8	1	1
1.1380775	1	9	4	5	1	0
2.8716514	1	13	5	11	1	0
1.0886773	1	12	6	11	1	1
1.8181946	1	11	6	11	1	1
1.4208286	1	12	5	9	1	1
1.4864281	1	16	3	10	1	1
.3690562	1	16	4	11	1	0
.22059575	1	17	4	13	1	0
1.2116607	1	13	5	11	1	1
.22841156	1	0	8	9	1	1
.50522983	1	15	4	11	1	0
1.8691262	1	17	3	10	1	1
-.45976096	0	-7	6	5	0	0
1.2642065	1	14	3	7	1	1
1.3362275	1	20	3	14	1	1
.98637867	1	6	4	5	1	0
.17369136	0	-3	6	3	1	1
1.5342188	1	17	3	11	1	1
1.4681715	1	20	3	13	1	1
1.0372357	1	15	4	11	1	0
1.0508633	1	15	4	11	1	0
1.7885641	1	15	4	11	1	0
1.2081354	1	14	4	11	1	1
1.9336164	1	12	6	11	1	1
1.308062	0	-10	11	7	0	0
.30406779	0	-9	11	1	1	1
1.0103914	1	16	4	11	1	0
.1813415	1	17	3	11	1	1
1.2772207	1	16	4	12	1	0
1.4381853	1	17	4	13	1	1
-.35902074	0	-8	10	3	1	1
.942141	1	20	3	13	1	1
1.7059298	1	20	3	13	1	1
.99226707	1	14	4	10	1	1
1.0009248	1	14	4	10	1	0
1.9481091	1	15	5	12	1	1
1.6681863	1	15	5	12	1	0
1.1284066	1	16	4	11	1	0
.95748669	1	16	4	11	1	1
.44563335	1	0	4	2	1	0
.83047128	1	11	6	11	1	1
.84177804	1	12	6	11	1	0
.74487644	1	12	6	11	1	0
.62818164	1	11	6	11	1	1
1.8649241	1	11	5	8	1	1
.79627538	1	14	6	14	1	1
2.0592215	1	14	4	11	1	1
.54854488	1	11	8	13	1	1
.63839138	1	9	7	11	1	0
1.1199502	1	15	4	11	1	0
.12741034	1	14	5	11	1	0
1.3612238	1	19	3	11	1	0
-.084588744	1	16	4	11	1	1
1.718435	1	12	6	11	1	1
.55274129	0	-4	8	5	1	1
1.1483909	1	10	3	11	0	0
1.4245757	1	16	3	11	1	1
1.4200708	1	18	3	11	1	0
.33217722	1	20	3	13	1	1
-.12502806	0	-3	4	5	0	1
.94007617	1	17	4	13	1	1
.73709607	1	17	5	14	1	1
1.3651358	1	6	6	9	1	0
.99961168	1	16	6	16	1	0
1.1896168	1	18	6	16	1	1
.25870806	1	14	5	11	1	1
1.7606835	1	16	3	11	1	1
.98382497	1	12	5	11	1	0
-.47706684	0	-1	10	11	1	1
-.15720558	0	-8	11	5	1	0
1.4131528	1	19	5	16	1	0
3.1557598	1	14	7	16	1	0
1.1627843	1	16	4	11	1	0
1.2309579	1	16	4	11	1	0
1.9625366	1	15	4	11	1	0
-.69678855	1	5	5	5	1	1
1.2213457	1	20	3	16	1	1
1.0326859	1	12	5	11	1	1
1.3908838	1	17	3	11	1	1
1.447136	1	17	3	11	1	0
1.1992797	1	16	5	14	1	0
1.5286252	1	19	4	16	1	1
.82802284	1	4	5	5	1	0
.44507277	1	0	4	9	0	1
.63655615	1	2	5	5	1	1
1.4002353	1	19	4	14	1	1
-.52648211	0	-10	16	4	0	0
1.9051759	1	16	4	12	1	1
1.1070468	1	13	5	11	1	0
1.2815688	1	19	4	14	1	0
.21165754	0	-1	5	2	1	0
.58726656	1	14	5	11	1	1
1.6890954	1	19	5	16	1	0
.47256497	0	-3	7	3	1	1
.72625726	1	14	5	11	1	1
2.3379691	1	19	4	14	1	0
.79169005	1	16	3	11	1	0
.035278033	1	15	4	11	1	1
2.8242955	1	15	4	11	1	0
1.488132	1	11	5	9	1	0
.80114591	0	-2	7	5	1	0
.36149788	0	-1	4	2	1	0
.62123311	1	10	7	11	1	1
.71733749	1	11	7	11	1	1
1.3537328	1	19	5	16	1	1
.97912294	1	16	3	10	1	1
1.2173455	1	16	3	11	1	0
1.4337585	1	20	3	16	1	0
.96499377	1	9	4	6	1	1
1.1482242	1	15	4	11	1	0
1.0847454	1	15	4	11	1	0
-.36116329	1	5	5	5	1	0
.59773314	1	9	7	11	1	0
.020043612	0	-2	11	11	1	1
-.88228488	0	-10	8	2	0	1
1.5199096	1	14	4	10	1	1
.4452624	0	-2	8	13	0	0
1.2746348	1	16	4	11	1	1
.46567962	0	-2	7	4	1	0
-1.3228902	0	-3	7	4	1	0
.74750292	1	11	4	7	1	0
1.6241906	1	20	3	16	1	0
1.766235	1	6	4	5	1	0
1.2426126	1	15	4	11	1	0
1.4915583	1	19	3	12	1	1
1.0401554	1	20	3	14	1	1
.69733059	1	12	4	8	1	1
1.3797072	1	20	4	16	1	1
1.4710695	1	20	4	16	1	0
1.1055411	1	12	6	11	1	1
.44453657	0	-3	8	5	1	1
1.8455861	0	-10	8	1	0	0
.91248417	1	16	3	11	1	0
1.1599116	1	16	3	11	1	1
1.9741213	1	20	4	16	1	1
.051767267	0	-2	5	0	1	0
1.0498533	1	7	5	6	1	1
1.4489708	1	13	5	11	1	0
.42552572	1	14	5	11	1	0
.528593	1	2	5	5	1	0
.93484879	1	8	6	8	1	0
-.62101787	1	0	4	1	1	1
1.8173246	1	11	6	11	1	1
1.7680238	1	20	3	17	1	1
.85901827	1	15	7	16	1	1
.2591944	0	-4	9	5	1	1
-.18365827	0	-8	11	5	1	1
.1706015	0	-4	9	6	1	0
1.530073	1	20	4	16	1	0
1.0782326	1	13	3	7	1	0
1.0458728	1	14	5	11	1	1
.19954088	0	-4	7	3	1	0
.23988692	0	-10	11	3	0	0
1.7227755	1	4	4	3	1	1
1.3478761	1	20	3	13	1	1
.52564192	0	-1	4	0	1	0
.58921546	1	8	4	5	1	0
1.7469475	1	8	4	5	1	0
1.2302104	1	17	3	11	1	1
.61982095	0	-3	6	8	0	1
.91119277	1	15	6	15	1	0
1.8356936	1	8	4	5	1	1
1.3120496	1	12	4	8	1	0
1.117788	1	19	4	14	1	1
2.3622265	1	19	4	14	1	1
1.7100323	1	16	3	11	1	1
2.4689786	1	19	5	16	1	0
.42916396	1	6	5	6	1	1
1.193361	1	17	3	11	1	0
1.5476438	1	16	3	11	1	0
1.4998152	1	17	3	11	1	0
.50787568	1	17	3	11	1	1
.63975215	1	8	4	5	1	0
1.4209359	0	-4	10	7	1	1
.87994599	1	20	3	14	1	1
.92651957	1	11	3	6	1	1
1.3565325	1	20	2	16	1	0
2.1841235	1	20	4	19	1	1
.55660111	1	3	7	8	1	0
1.273935	1	3	7	8	1	1
2.4537046	1	15	4	11	1	1
.43499479	1	2	7	9	1	0
-.11194565	0	-10	12	0	0	0
1.4856864	1	17	3	11	1	1
1.4682975	1	14	5	11	1	0
.78757316	1	11	5	9	1	0
.89105153	1	12	6	11	1	0
1.3328393	1	18	3	11	1	0
1.5751848	1	20	3	14	1	1
1.4627851	1	14	5	11	1	1
-.71979797	0	-1	6	4	1	0
1.1053959	1	11	3	6	1	0
1.2024553	1	14	5	11	1	0
1.3180052	1	19	5	16	1	0
2.0312097	1	13	5	11	1	1
.90577644	1	11	4	8	1	1
.061460402	1	8	4	5	1	0
1.2960858	1	16	3	11	1	1
.80058485	1	8	5	14	0	1
1.8264064	1	19	4	13	1	0
1.1983992	1	15	4	11	1	1
.26075315	0	-7	6	5	0	1
.89754903	1	14	5	11	1	1
.83549702	1	12	4	7	1	0
1.1484444	0	-1	9	9	1	1
1.8315145	1	14	4	9	1	1
.59431309	0	-1	6	3	1	0
.43959486	0	-1	5	2	1	0
1.1002409	1	12	4	7	1	0
.44384009	1	16	4	11	1	0
1.6895258	1	20	3	14	1	0
1.3290948	1	11	5	8	1	1
.54698348	1	10	5	8	1	1
.41005841	1	9	3	4	1	1
.78161329	0	-8	6	3	0	0
.6460079	1	9	4	5	1	1
1.344243	1	20	3	16	1	0
2.5128129	1	20	3	18	1	0
1.4029944	1	15	4	11	1	0
.53117049	1	6	5	6	1	1
2.3272877	1	17	6	16	1	0
1.0719802	1	13	4	9	1	1
2.0293953	1	20	3	16	1	0
.57269084	0	-1	7	6	1	0
.91272509	1	20	4	16	1	0
.60283124	1	12	5	11	1	0
1.224676	1	19	5	16	1	1
1.3921969	1	14	7	14	1	1
1.696668	1	16	3	11	1	1
.32337993	1	2	6	6	1	1
1.590022	1	12	6	11	1	0
1.0934589	1	19	3	12	1	0
1.1853505	1	15	4	11	1	0
1.0247557	1	14	6	13	1	0
2.4919999	1	16	6	14	1	0
1.2719989	1	18	6	16	1	1
.41593987	1	9	5	6	1	1
.43038011	1	2	5	5	1	1
.73807585	1	15	4	11	1	1
-.64087844	0	-2	5	0	1	0
2.0139267	1	12	6	11	1	0
.71584505	1	10	7	11	1	1
1.3617384	1	17	3	10	1	1
1.4366243	1	17	4	12	1	1
1.4481235	1	10	3	5	1	1
.60268235	1	3	7	8	1	1
.11084861	1	16	4	11	1	0
2.0034254	1	16	4	11	1	1
1.4206377	1	15	4	11	1	1
.81703961	1	13	6	13	1	0
.41302136	0	-4	9	5	1	0
1.2653136	1	20	3	15	1	0
-.49640971	0	-6	5	4	0	1
1.2893173	1	14	5	11	1	0
-.638147	1	9	3	4	1	0
2.1560664	1	15	4	11	1	1
1.2331443	1	0	7	7	1	0
1.2102863	1	18	3	11	1	1
1.173077	1	16	4	11	1	0
1.1162763	1	16	3	11	1	1
.54442364	1	0	6	5	1	1
1.2962614	1	20	3	17	1	0
.34261167	0	-8	10	11	0	0
-.1284451	0	-10	9	0	0	0
.94866353	1	10	7	11	1	1
1.2291903	1	12	6	11	1	0
1.3245919	1	20	3	13	1	0
.20090802	0	-8	6	2	0	1
.44857559	0	-2	7	11	0	1
1.3739415	1	15	4	11	1	1
1.1930741	1	15	4	11	1	0
.57575411	1	0	6	5	1	1
1.1808048	1	19	4	14	1	0
.57010603	1	15	4	11	1	1
1.2828183	1	14	5	11	1	0
1.8693973	1	5	3	9	0	0
1.5400046	1	11	3	5	1	1
.26484406	0	-2	8	5	1	0
1.3296803	1	20	5	19	1	1
1.0570676	1	15	4	11	1	0
1.0895276	1	9	4	6	1	0
.57607555	1	4	7	8	1	0
.80207378	0	-1	7	5	1	1
.64923561	1	2	6	6	1	1
1.4955765	1	13	5	11	1	1
-.017297	0	-4	9	5	1	1
.2219243	1	9	5	8	1	0
-.34906822	0	-9	10	2	1	1
1.2331332	1	14	5	11	1	0
1.7799991	1	12	4	8	1	1
1.1744903	1	13	7	14	1	1
.40326914	0	-4	6	0	1	1
.78347278	1	9	7	11	1	1
-.39698291	0	-4	10	8	1	1
1.3934244	1	14	4	9	1	0
1.2096922	1	9	5	8	1	0
.50350887	0	-7	6	5	0	0
.4971897	0	-7	6	5	0	0
-.6053825	0	-2	8	5	1	1
.51602387	1	9	4	6	1	1
.62685585	0	-10	11	5	0	0
1.3554759	1	17	3	11	1	1
.97256488	1	14	5	11	1	1
-.23528516	0	-2	5	0	1	0
.23808987	0	-5	5	4	0	0
-.009843817	0	-10	10	2	0	1
1.6994448	1	15	4	11	1	0
-.58649325	0	-3	7	3	1	1
1.1403289	1	20	4	16	1	0
2.1754944	1	15	4	11	1	0
.55981326	1	11	4	7	1	1
-.26486316	0	-1	7	5	1	1
-.29733244	0	-7	10	3	1	1
.10732207	0	-8	12	6	1	0
.077308565	1	8	3	2	1	1
.47621673	0	-6	7	0	1	0
.17294748	1	4	4	3	1	1
.36029518	1	1	6	5	1	1
.027936095	1	19	3	11	1	0
1.0567806	1	15	3	9	1	1
.67327601	1	7	5	6	1	1
.29360971	0	-2	7	3	1	1
1.2235162	1	15	4	11	1	1
.029129786	0	-9	9	6	0	0
1.5602018	1	20	4	16	1	1
1.8636914	1	18	5	14	1	0
.64360374	1	2	5	5	1	1
.45069084	1	3	7	8	1	1
.082769826	0	-9	9	0	1	1
1.3201854	1	20	3	16	1	0
1.1212516	1	9	7	11	1	0
1.9811784	1	19	3	11	1	0
.98384905	1	8	6	8	1	0
1.0564156	0	-4	11	8	1	0
-.46922722	0	-5	11	8	1	1
.33861396	0	-8	8	5	0	0
.5267055	0	-7	8	0	1	1
.84414941	1	8	8	11	1	1
-.0022127987	0	-9	8	5	0	0
.60101128	1	9	4	6	1	1
.46443659	1	0	6	5	1	0
1.3569546	1	2	9	11	1	1
1.1010168	1	4	9	11	1	0
.011282066	0	-2	8	13	0	1
1.6420768	1	11	4	7	1	0
.81788719	1	11	4	7	1	1
1.0690953	1	11	5	9	1	0
1.2159618	1	14	4	9	1	1
.97152215	0	-1	5	2	1	0
.92417514	1	11	6	11	1	0
1.4352797	1	0	6	5	1	0
.40340012	1	15	3	9	1	1
1.0416427	1	2	5	5	1	1
1.294683	1	11	4	5	1	1
1.6743414	1	2	9	11	1	0
.7247768	1	12	5	11	1	0
.86043513	1	20	4	14	1	0
1.7677989	1	17	4	11	1	1
1.1581961	1	2	3	1	1	0
1.3870293	1	19	3	12	1	1
1.2636443	1	14	5	11	1	1
-.31198227	0	-10	17	4	1	1
1.0252191	1	14	4	8	1	1
1.3688573	1	2	3	0	1	1
-.35319144	0	-5	10	6	1	1
.34035441	1	10	3	3	1	0
1.0923258	1	20	5	16	1	0
.90405434	1	19	5	14	1	0
.42277351	1	1	5	3	1	1
1.8035657	1	9	3	3	1	0
.77736861	1	9	4	5	1	1
.69573408	1	14	5	11	1	0
1.9965845	1	18	3	9	1	0
2.133585	0	-2	7	5	1	1
.2526243	0	-3	10	8	1	0
.47291061	1	6	5	5	1	0
-.51506901	1	4	5	3	1	1
1.3005348	1	14	4	8	1	0
.9574309	1	14	6	11	1	1
.37578723	1	10	5	7	1	1
.54661983	0	-3	12	10	1	0
.47944	1	9	7	10	1	0
